customer_id,age,gender,segment,tenure_months,num_products,monthly_balance_zar,monthly_transactions,avg_transaction_value,digital_logins_monthly,complaints_last_12m,preferred_channel,credit_score,missed_payments_6m,churned
CUST00001,19,Male,Mass Market,4,1,4362.4,58,196.57,37,2,Branch,728,0,1
CUST00002,53,Female,Emerging Affluent,1,2,2662.64,54,1210.46,39,0,Online Banking,645,0,0
CUST00003,58,Female,Mass Market,65,1,9560.74,28,6699.53,12,1,Mobile App,343,0,0
CUST00004,27,Male,Mass Market,22,1,1172.66,27,2706.03,1,0,Mobile App,812,0,0
CUST00005,58,Female,Youth,51,2,3515.94,25,881.53,17,0,Mobile App,518,0,0
CUST00006,36,Male,Affluent,67,3,6211.06,12,79.4,27,0,Online Banking,496,0,0
CUST00007,22,Male,Youth,1,4,7147.29,23,1799.82,24,0,ATM,689,0,0
CUST00008,23,Male,Youth,115,2,14498.71,41,1454.37,9,0,ATM,452,0,0
CUST00009,19,Male,Youth,61,1,10949.6,20,4631.57,35,0,Mobile App,601,0,0
CUST00010,41,Male,Affluent,56,1,3412.96,56,948.13,6,1,Online Banking,847,0,0
CUST00011,53,Female,Mass Market,57,3,9347.23,54,4242.21,24,0,Mobile App,313,0,0
CUST00012,67,Male,Mass Market,45,2,2252.34,9,582.19,36,0,Mobile App,302,0,0
CUST00013,19,Male,Mass Market,8,2,22807.65,30,89.67,12,0,ATM,315,0,0
CUST00014,66,Female,Emerging Affluent,36,3,10806.59,40,879.92,4,0,Online Banking,584,0,0
CUST00015,47,Female,Affluent,88,2,11830.57,37,152.8,35,0,ATM,459,2,0
CUST00016,56,Male,Affluent,62,4,9714.69,27,3602.53,11,0,Online Banking,683,2,0
CUST00017,61,Female,Emerging Affluent,105,3,3383.76,34,2731.89,36,0,Branch,410,0,0
CUST00018,41,Female,Mass Market,92,3,3810.21,8,498.78,28,0,Online Banking,494,2,0
CUST00019,20,Male,Youth,8,1,14534.18,56,1072.81,10,1,Mobile App,736,0,1
CUST00020,18,Female,Emerging Affluent,84,3,759.68,41,934.79,6,0,Online Banking,625,0,0
CUST00021,30,Male,Mass Market,50,2,4236.97,54,406.89,13,1,Mobile App,685,0,0
CUST00022,58,Male,Affluent,12,3,14566.14,24,562.62,21,0,Online Banking,397,0,0
CUST00023,26,Female,Youth,61,3,14439.47,22,723.82,39,0,Mobile App,773,1,0
CUST00024,38,Male,Youth,93,1,1682.02,26,727.55,4,0,Branch,676,1,0
CUST00025,57,Male,Affluent,16,1,2158.33,39,4260.2,1,0,Online Banking,342,0,0
CUST00026,33,Male,Mass Market,20,2,2883.2,46,1909.9,12,1,ATM,670,0,0
CUST00027,65,Male,Emerging Affluent,19,2,1380.04,16,821.16,19,1,Mobile App,673,3,0
CUST00028,45,Female,Mass Market,29,3,5219.59,1,1458.02,3,0,ATM,813,0,0
CUST00029,55,Female,Youth,115,1,7271.67,38,197.21,5,1,Mobile App,805,0,0
CUST00030,64,Male,Mass Market,94,1,1754.36,9,1705.37,31,0,ATM,565,0,0
CUST00031,54,Female,Youth,94,1,16123.54,58,2481.27,8,2,Branch,606,3,1
CUST00032,62,Male,Mass Market,58,2,9240.47,7,2946.48,28,1,ATM,493,0,0
CUST00033,35,Male,Affluent,111,1,10557.21,28,1256.64,25,0,Mobile App,733,1,0
CUST00034,27,Female,Emerging Affluent,29,1,10169.62,44,582.14,32,0,Branch,316,0,0
CUST00035,50,Male,Mass Market,28,1,3600.85,10,1524.94,10,0,Mobile App,601,0,0
CUST00036,39,Male,Mass Market,68,2,2199.41,27,3374.9,7,0,Online Banking,719,3,0
CUST00037,65,Female,Mass Market,48,4,6021.63,42,1082.55,16,0,ATM,422,2,0
CUST00038,59,Male,Mass Market,5,2,13648.28,45,236.32,20,0,Mobile App,549,0,0
CUST00039,53,Female,Mass Market,84,2,2781.5,45,4387.74,25,0,ATM,486,0,0
CUST00040,37,Male,Emerging Affluent,8,1,10741.43,54,281.23,28,0,Branch,451,0,1
CUST00041,40,Male,Emerging Affluent,67,2,538.42,9,1445.07,21,2,Mobile App,707,0,0
CUST00042,44,Male,Youth,80,2,5444.02,1,301.12,5,2,Online Banking,363,1,0
CUST00043,68,Female,Emerging Affluent,86,3,19900.52,54,628.84,0,0,Online Banking,507,1,0
CUST00044,23,Male,Mass Market,100,2,1675.57,36,1121.03,2,3,Online Banking,435,0,0
CUST00045,30,Female,Emerging Affluent,79,1,15439.91,6,30.78,28,0,ATM,596,0,0
CUST00046,50,Male,Mass Market,71,2,5241.44,48,2415.29,9,2,Online Banking,635,0,0
CUST00047,45,Female,Mass Market,32,3,13492.76,3,109.72,3,1,ATM,364,0,0
CUST00048,19,Female,Youth,36,1,28757.43,20,3554.64,23,0,ATM,783,2,0
CUST00049,62,Female,Emerging Affluent,46,1,9709.91,4,1169.17,39,0,Mobile App,751,0,0
CUST00050,29,Male,Mass Market,103,3,2749.88,24,0.47,24,0,Mobile App,441,0,0
CUST00051,68,Female,Youth,43,1,585.49,22,3980.91,20,0,ATM,700,0,0
CUST00052,29,Male,Mass Market,25,1,1028.86,6,2514.61,32,0,Branch,367,0,0
CUST00053,47,Female,Mass Market,8,1,5461.56,43,1846.97,19,0,ATM,376,0,1
CUST00054,49,Male,Mass Market,13,1,1337.42,26,66.72,24,0,ATM,360,0,0
CUST00055,67,Female,Mass Market,17,1,19584.38,21,892.54,12,0,Branch,688,0,0
CUST00056,59,Male,Affluent,73,2,8021.77,40,2992.25,26,0,Mobile App,453,0,0
CUST00057,51,Male,Mass Market,83,2,6702.64,55,1534.76,17,0,Branch,355,1,0
CUST00058,30,Male,Affluent,64,2,17678.08,52,141.64,17,0,ATM,547,0,0
CUST00059,31,Female,Mass Market,8,2,1931.92,26,89.98,33,1,Mobile App,710,1,0
CUST00060,30,Female,Mass Market,59,2,1462.72,46,384.56,17,0,Mobile App,792,3,0
CUST00061,53,Male,Youth,8,2,14317.52,25,374.46,17,0,ATM,500,0,0
CUST00062,42,Female,Affluent,28,1,8235.95,18,1025.21,39,0,Mobile App,325,0,0
CUST00063,58,Female,Emerging Affluent,22,1,5389.56,20,349.07,9,1,ATM,757,1,0
CUST00064,27,Male,Youth,4,2,4996.86,9,1504.84,5,1,Branch,370,0,0
CUST00065,68,Male,Mass Market,79,1,9817.41,2,434.35,22,0,Online Banking,420,0,0
CUST00066,58,Female,Mass Market,89,3,4620.32,25,32.92,28,0,ATM,461,1,0
CUST00067,29,Female,Affluent,72,2,1984.08,6,48.67,39,0,ATM,489,0,0
CUST00068,18,Male,Emerging Affluent,93,2,5520.42,25,526.9,2,2,ATM,754,0,0
CUST00069,41,Male,Youth,63,1,8837.25,48,33.24,6,0,ATM,698,0,0
CUST00070,29,Female,Youth,107,3,29451.4,18,694.83,38,0,Online Banking,798,0,0
CUST00071,53,Male,Mass Market,107,1,13811.91,20,1172.84,12,0,ATM,830,0,0
CUST00072,68,Female,Emerging Affluent,102,1,11227.32,46,1478.2,20,1,Branch,536,3,0
CUST00073,66,Female,Youth,1,1,2935.34,52,2087.32,14,0,Branch,676,0,1
CUST00074,56,Female,Youth,93,1,25736.36,18,182.26,11,0,Branch,670,0,0
CUST00075,66,Male,Mass Market,115,2,2562.66,37,917.74,20,0,Mobile App,664,0,0
CUST00076,20,Male,Emerging Affluent,109,4,14204.75,14,2851.72,20,1,ATM,637,2,0
CUST00077,60,Male,Mass Market,7,1,9643.11,27,2976.02,39,0,Online Banking,531,1,1
CUST00078,37,Female,Youth,94,3,3719.11,42,529.58,26,2,Branch,771,0,0
CUST00079,36,Male,Mass Market,87,1,5450.76,5,738.84,4,0,Mobile App,552,0,0
CUST00080,58,Male,Emerging Affluent,76,1,24323.24,56,1496.89,2,2,Online Banking,625,1,1
CUST00081,45,Male,Mass Market,83,2,2606.46,4,221.7,25,1,ATM,409,0,0
CUST00082,53,Male,Youth,31,3,9387.33,38,310.45,32,1,Mobile App,502,0,0
CUST00083,63,Male,Mass Market,44,2,21787.86,1,65.07,7,0,Online Banking,751,1,0
CUST00084,47,Female,Emerging Affluent,81,1,8398.9,2,321.26,0,3,Branch,309,1,1
CUST00085,39,Male,Mass Market,32,3,20173.45,38,747.53,38,0,Mobile App,606,0,0
CUST00086,59,Male,Mass Market,59,1,3377.46,17,246.37,26,0,ATM,453,0,0
CUST00087,62,Male,Mass Market,8,1,13065.23,16,0.09,5,0,Online Banking,458,0,1
CUST00088,54,Male,Mass Market,101,1,2413.48,32,945.85,2,0,Online Banking,764,0,0
CUST00089,51,Female,Mass Market,15,1,789.4,38,624.69,38,0,Mobile App,306,0,0
CUST00090,63,Male,Youth,36,2,2388.15,29,1175.13,19,1,Mobile App,390,0,0
CUST00091,47,Male,Mass Market,98,2,6467.62,13,444.72,25,0,Online Banking,446,0,0
CUST00092,49,Male,Emerging Affluent,61,2,10783.4,53,2441.17,31,3,Mobile App,545,2,0
CUST00093,29,Female,Youth,2,2,5819.17,52,568.13,14,0,Mobile App,675,0,0
CUST00094,48,Female,Emerging Affluent,101,3,4756.15,57,9631.73,39,0,Mobile App,723,0,0
CUST00095,29,Female,Affluent,78,2,10399.64,1,803.66,9,0,Branch,412,0,0
CUST00096,62,Male,Affluent,27,2,1791.51,0,1598.32,33,1,Online Banking,336,0,0
CUST00097,54,Male,Mass Market,42,2,10724.77,17,1146.54,23,0,Mobile App,577,0,0
CUST00098,59,Female,Emerging Affluent,43,3,18432.7,22,357.28,27,0,ATM,553,0,0
CUST00099,41,Female,Affluent,5,2,4947.72,3,2659.53,29,0,Mobile App,727,0,0
CUST00100,48,Male,Mass Market,49,2,1649.86,18,4822.83,8,0,Online Banking,678,1,0
CUST00101,45,Female,Affluent,36,1,696.14,36,3728.66,22,1,Branch,758,0,0
CUST00102,55,Male,Affluent,56,1,13188.55,28,623.38,15,0,ATM,418,0,0
CUST00103,41,Female,Mass Market,64,2,13711.54,20,644.75,39,3,Branch,632,0,0
CUST00104,60,Female,Mass Market,118,2,16551.03,43,760.06,22,0,Branch,422,3,0
CUST00105,45,Female,Mass Market,35,2,5556.53,53,908.97,22,0,Online Banking,637,0,0
CUST00106,55,Male,Mass Market,44,2,5382.07,0,1730.25,8,1,ATM,577,3,0
CUST00107,50,Male,Affluent,81,2,5776.39,50,274.48,17,0,Mobile App,304,0,0
CUST00108,21,Male,Youth,98,2,11379.57,4,504.66,39,1,ATM,757,0,0
CUST00109,25,Female,Mass Market,21,2,14710.54,11,1453.28,30,0,ATM,507,2,0
CUST00110,46,Male,Affluent,98,2,16230.88,42,346.33,20,0,ATM,651,0,0
CUST00111,63,Male,Youth,26,3,7395.92,36,710.2,38,1,Branch,766,0,0
CUST00112,59,Female,Mass Market,104,3,18437.33,7,692.53,35,1,ATM,724,2,0
CUST00113,23,Male,Affluent,66,2,3796.13,45,2033.56,13,0,Branch,393,1,0
CUST00114,63,Male,Affluent,32,2,3183.79,0,982.16,2,1,Branch,514,1,0
CUST00115,57,Male,Mass Market,3,1,1593.19,58,4100.39,5,1,Mobile App,398,1,1
CUST00116,66,Male,Youth,100,2,7919.58,17,331.51,5,0,Branch,323,0,0
CUST00117,32,Female,Youth,105,3,6409.58,53,2367.66,20,0,Online Banking,506,0,0
CUST00118,52,Female,Emerging Affluent,102,1,5820.92,32,1445.75,31,0,ATM,503,1,0
CUST00119,53,Female,Emerging Affluent,95,1,5959.06,44,8.94,33,1,Branch,721,0,0
CUST00120,50,Male,Mass Market,89,3,3174.03,3,85.74,9,0,Mobile App,746,0,0
CUST00121,58,Male,Affluent,37,1,2053.67,52,1686.59,27,0,ATM,325,0,0
CUST00122,45,Female,Mass Market,61,2,1043.9,6,853.98,12,1,ATM,670,0,0
CUST00123,18,Female,Affluent,1,1,831.3,39,2268.83,3,0,Online Banking,586,0,1
CUST00124,32,Female,Mass Market,104,2,5268.6,20,1558.49,39,0,Online Banking,846,0,0
CUST00125,59,Male,Youth,25,2,10890.0,34,218.79,33,0,Branch,639,0,0
CUST00126,50,Female,Mass Market,47,2,13328.23,34,730.16,25,0,Online Banking,525,1,0
CUST00127,54,Female,Mass Market,62,2,15247.81,0,740.85,33,2,ATM,550,0,0
CUST00128,45,Female,Mass Market,10,3,2990.62,40,3250.9,11,1,Branch,526,0,0
CUST00129,35,Female,Emerging Affluent,91,2,5128.95,37,4951.53,7,1,Branch,842,0,0
CUST00130,31,Male,Mass Market,44,1,3392.42,12,60.73,22,1,Online Banking,611,0,0
CUST00131,66,Female,Mass Market,42,2,2346.19,34,11.92,31,2,ATM,386,0,0
CUST00132,43,Female,Mass Market,9,2,2047.32,38,1180.26,33,1,Online Banking,464,0,0
CUST00133,68,Female,Emerging Affluent,7,2,12560.54,53,442.4,28,0,Online Banking,424,1,0
CUST00134,28,Male,Mass Market,7,1,4461.68,41,234.42,28,0,ATM,519,2,1
CUST00135,49,Male,Youth,114,1,9173.39,27,7.33,5,0,Mobile App,516,0,0
CUST00136,44,Male,Emerging Affluent,3,2,6342.66,40,5241.1,6,0,Mobile App,730,3,0
CUST00137,40,Male,Youth,90,1,3746.61,15,1630.14,17,0,Online Banking,349,2,0
CUST00138,28,Male,Mass Market,103,1,2075.63,26,1330.12,9,0,Mobile App,409,1,0
CUST00139,62,Male,Youth,20,2,3431.56,39,1373.14,36,0,ATM,321,1,0
CUST00140,51,Female,Emerging Affluent,112,3,2816.72,6,1991.28,28,0,ATM,447,0,0
CUST00141,68,Male,Mass Market,44,2,10121.46,24,5403.02,17,1,Branch,701,0,0
CUST00142,56,Female,Emerging Affluent,74,1,12389.85,50,1345.18,12,0,Mobile App,525,0,0
CUST00143,36,Female,Youth,29,1,3704.97,49,142.3,32,1,Mobile App,601,0,0
CUST00144,31,Male,Emerging Affluent,14,2,6740.05,18,106.16,27,0,Online Banking,424,2,0
CUST00145,45,Female,Mass Market,35,2,16608.82,12,2402.94,36,0,Mobile App,621,0,0
CUST00146,20,Male,Mass Market,65,2,1188.15,22,3283.71,38,0,Mobile App,848,0,0
CUST00147,57,Male,Mass Market,117,2,9713.05,49,5892.0,1,2,Branch,473,0,0
CUST00148,52,Male,Emerging Affluent,22,2,26562.64,47,325.26,1,0,ATM,519,0,0
CUST00149,21,Female,Mass Market,17,2,5979.52,25,5115.66,30,0,Branch,730,0,0
CUST00150,33,Female,Mass Market,51,4,8098.94,50,1127.73,36,0,Online Banking,356,1,0
CUST00151,48,Female,Emerging Affluent,101,2,13921.53,36,205.45,14,0,ATM,370,0,0
CUST00152,47,Male,Mass Market,73,1,2012.42,3,390.89,6,0,Branch,376,1,0
CUST00153,28,Male,Affluent,39,1,4070.96,27,4153.06,4,1,Branch,450,2,0
CUST00154,52,Male,Mass Market,39,2,1207.92,34,1746.34,6,1,ATM,458,1,0
CUST00155,44,Male,Mass Market,110,1,14516.88,44,1693.06,0,2,ATM,812,0,1
CUST00156,24,Male,Mass Market,21,3,39735.64,25,726.97,26,0,ATM,375,1,0
CUST00157,51,Male,Mass Market,100,2,2757.54,27,279.37,6,0,Mobile App,587,0,0
CUST00158,29,Male,Mass Market,19,2,526.61,21,603.16,11,2,Online Banking,646,0,0
CUST00159,48,Male,Mass Market,21,3,1497.77,46,2925.17,15,0,Mobile App,625,0,0
CUST00160,24,Male,Emerging Affluent,20,2,19377.29,1,2189.38,35,0,ATM,573,0,0
CUST00161,33,Female,Mass Market,78,1,23950.82,44,1222.21,4,0,Mobile App,328,0,0
CUST00162,49,Male,Mass Market,115,1,14143.94,21,2990.87,16,0,Branch,535,0,0
CUST00163,21,Female,Affluent,49,2,4121.65,50,54.79,11,0,ATM,611,0,0
CUST00164,29,Female,Emerging Affluent,112,1,3994.54,32,2242.1,30,2,Online Banking,351,0,0
CUST00165,46,Male,Affluent,71,4,12379.94,5,1144.91,0,3,ATM,672,0,0
CUST00166,24,Male,Mass Market,39,2,6167.09,24,36.84,3,0,ATM,580,0,0
CUST00167,25,Male,Emerging Affluent,9,1,7509.9,4,3311.68,9,1,ATM,640,0,1
CUST00168,38,Male,Youth,81,3,1448.78,57,1180.0,16,3,ATM,551,0,0
CUST00169,59,Female,Mass Market,3,3,9954.16,31,81.88,2,0,ATM,786,0,0
CUST00170,43,Male,Mass Market,39,1,24458.13,37,232.39,28,0,Branch,714,0,0
CUST00171,52,Male,Emerging Affluent,107,2,5158.23,6,545.34,26,1,ATM,678,0,0
CUST00172,25,Female,Mass Market,44,4,3414.48,0,1051.98,22,0,Branch,503,0,0
CUST00173,39,Female,Mass Market,99,2,7003.36,0,263.21,20,0,Mobile App,514,1,0
CUST00174,23,Female,Emerging Affluent,54,2,6175.69,45,658.99,11,2,Online Banking,455,0,0
CUST00175,48,Female,Mass Market,7,2,8861.59,32,1351.77,29,1,Mobile App,360,1,0
CUST00176,19,Male,Mass Market,116,2,4005.74,50,468.41,7,2,Mobile App,691,0,0
CUST00177,39,Female,Emerging Affluent,111,1,1121.49,44,311.72,35,0,Branch,744,1,0
CUST00178,66,Male,Affluent,60,1,22457.31,38,3418.69,29,3,Online Banking,437,0,1
CUST00179,52,Male,Youth,70,3,8708.03,46,2784.93,32,0,ATM,785,0,0
CUST00180,57,Female,Mass Market,109,2,2498.12,28,1359.09,16,0,Online Banking,375,0,0
CUST00181,18,Male,Emerging Affluent,90,1,8536.75,21,3512.08,28,0,Branch,415,0,0
CUST00182,24,Female,Youth,109,3,3487.42,56,849.45,24,1,Mobile App,580,0,0
CUST00183,41,Male,Mass Market,69,1,8343.38,21,1370.51,37,0,Branch,331,0,0
CUST00184,36,Male,Emerging Affluent,16,2,17952.55,46,5457.84,11,0,Branch,517,0,0
CUST00185,26,Male,Mass Market,104,3,905.35,20,31.55,16,0,ATM,841,2,0
CUST00186,40,Male,Youth,57,1,3663.44,36,1177.41,33,0,Online Banking,417,3,0
CUST00187,45,Male,Mass Market,8,4,2332.83,40,233.63,36,0,Mobile App,836,0,0
CUST00188,22,Female,Emerging Affluent,88,4,2659.03,52,849.83,33,0,Branch,725,0,0
CUST00189,68,Male,Affluent,90,1,22377.72,7,4273.68,3,0,ATM,322,0,0
CUST00190,63,Female,Affluent,63,2,4335.1,30,6997.56,11,0,Online Banking,493,0,0
CUST00191,33,Female,Mass Market,75,2,4183.98,36,597.92,25,0,Online Banking,398,1,0
CUST00192,50,Male,Youth,40,1,3520.33,44,1072.73,30,3,ATM,602,0,0
CUST00193,19,Male,Mass Market,93,2,1913.79,31,1548.15,9,1,Online Banking,364,1,0
CUST00194,41,Male,Emerging Affluent,88,2,1726.35,48,1647.42,30,0,Mobile App,461,1,0
CUST00195,34,Male,Mass Market,21,3,15249.89,31,791.7,29,0,Online Banking,722,2,0
CUST00196,39,Female,Emerging Affluent,69,1,9400.7,40,600.17,26,2,Mobile App,600,1,0
CUST00197,29,Male,Affluent,117,2,17262.59,39,3566.73,33,0,Mobile App,447,0,0
CUST00198,21,Female,Emerging Affluent,49,3,4739.99,45,1545.73,37,1,Branch,625,0,0
CUST00199,48,Female,Youth,59,1,638.57,15,581.07,38,0,Branch,735,0,0
CUST00200,37,Female,Emerging Affluent,14,1,14475.48,3,1931.89,14,0,Branch,628,0,0
CUST00201,51,Male,Mass Market,63,1,4422.11,43,628.02,28,0,ATM,460,1,0
CUST00202,28,Female,Youth,40,1,6009.58,47,206.94,11,0,ATM,801,0,0
CUST00203,32,Male,Emerging Affluent,80,3,2091.91,11,9.27,37,0,ATM,675,0,0
CUST00204,49,Male,Affluent,118,4,2633.73,10,7173.37,6,3,Online Banking,484,2,0
CUST00205,23,Male,Mass Market,49,2,938.49,24,1826.25,1,0,Branch,732,0,0
CUST00206,47,Male,Mass Market,77,1,8859.64,27,4644.21,1,0,Online Banking,673,0,0
CUST00207,28,Male,Mass Market,112,3,3054.28,50,728.84,33,0,Online Banking,422,0,0
CUST00208,34,Female,Mass Market,104,1,12215.62,57,313.48,28,0,ATM,497,0,0
CUST00209,66,Female,Mass Market,22,3,5076.16,43,201.16,28,0,ATM,658,3,0
CUST00210,41,Male,Youth,50,2,6056.12,42,887.03,24,0,Mobile App,300,0,0
CUST00211,18,Male,Mass Market,57,3,2780.1,31,111.56,18,0,Online Banking,318,2,0
CUST00212,25,Female,Youth,60,2,9468.44,29,2610.91,5,2,Mobile App,791,1,0
CUST00213,41,Male,Mass Market,46,1,14591.0,37,545.08,29,0,Branch,614,0,0
CUST00214,54,Male,Mass Market,110,2,5526.69,45,1255.22,37,0,ATM,448,0,0
CUST00215,65,Male,Affluent,37,2,10402.07,12,111.12,14,0,Online Banking,355,1,0
CUST00216,66,Male,Mass Market,101,3,3263.2,31,766.62,26,3,ATM,806,1,0
CUST00217,59,Male,Mass Market,5,2,6841.16,35,1199.41,37,0,Branch,308,2,0
CUST00218,43,Female,Mass Market,42,2,30627.52,41,4120.69,0,0,Branch,655,0,0
CUST00219,32,Female,Youth,80,3,740.41,25,5641.17,35,2,Online Banking,844,2,1
CUST00220,42,Male,Affluent,32,1,19329.62,4,3505.77,23,0,Branch,630,1,0
CUST00221,36,Male,Youth,73,3,11941.36,28,2118.27,11,0,Mobile App,365,0,0
CUST00222,18,Male,Affluent,109,1,1853.77,5,2033.05,12,0,Mobile App,538,0,0
CUST00223,27,Male,Mass Market,27,3,6089.89,54,2071.03,21,0,Mobile App,467,0,0
CUST00224,64,Female,Mass Market,23,1,7442.76,25,456.23,31,0,Online Banking,727,0,0
CUST00225,19,Male,Emerging Affluent,26,2,4986.32,7,1775.03,26,0,ATM,803,0,0
CUST00226,30,Male,Emerging Affluent,90,1,5751.56,6,357.82,18,0,Mobile App,471,0,0
CUST00227,42,Female,Mass Market,13,2,1001.94,26,1635.66,37,0,Branch,597,0,0
CUST00228,49,Male,Mass Market,9,2,21907.33,43,1477.46,35,1,ATM,633,0,0
CUST00229,57,Female,Emerging Affluent,96,1,11788.92,47,4556.65,3,1,Branch,678,0,0
CUST00230,55,Male,Mass Market,48,2,2857.67,15,33.48,17,3,Branch,720,0,0
CUST00231,36,Female,Emerging Affluent,65,2,6117.33,4,332.77,25,0,Mobile App,435,0,0
CUST00232,20,Female,Mass Market,27,3,10633.71,28,83.9,36,0,Online Banking,387,1,0
CUST00233,69,Male,Mass Market,27,3,9374.03,54,1040.9,18,0,ATM,785,0,0
CUST00234,48,Female,Emerging Affluent,40,1,1720.95,48,402.28,33,0,Branch,381,0,0
CUST00235,34,Female,Mass Market,37,1,1161.38,43,552.27,0,1,Mobile App,553,0,0
CUST00236,47,Female,Mass Market,14,2,25626.03,12,56.56,26,0,Mobile App,622,2,0
CUST00237,52,Male,Mass Market,56,1,885.09,54,1376.33,24,0,Mobile App,664,0,0
CUST00238,36,Male,Mass Market,110,3,13308.29,42,800.44,8,1,Mobile App,442,0,0
CUST00239,23,Male,Affluent,37,2,9922.67,41,3874.67,27,0,Online Banking,547,2,0
CUST00240,19,Male,Youth,82,2,9872.52,33,421.75,16,1,Mobile App,602,1,0
CUST00241,64,Male,Mass Market,56,2,6291.76,6,91.54,38,0,Online Banking,422,1,0
CUST00242,55,Female,Emerging Affluent,119,2,7961.94,24,687.99,14,0,Mobile App,366,0,0
CUST00243,46,Male,Mass Market,27,1,3641.09,43,408.09,14,0,Mobile App,500,1,0
CUST00244,24,Male,Affluent,87,2,3619.89,43,1050.2,30,0,Branch,845,1,0
CUST00245,23,Female,Mass Market,48,3,4272.62,23,66.94,27,1,Branch,593,1,0
CUST00246,22,Male,Emerging Affluent,80,3,2182.39,40,2713.48,33,1,ATM,815,3,0
CUST00247,53,Female,Emerging Affluent,70,1,9891.89,32,2631.75,5,1,Branch,773,1,0
CUST00248,51,Female,Mass Market,32,1,22946.85,50,2530.59,28,0,Mobile App,691,2,0
CUST00249,43,Female,Youth,98,4,15206.77,18,3885.18,24,0,Mobile App,767,0,0
CUST00250,22,Female,Emerging Affluent,78,1,12351.48,27,161.28,32,0,Mobile App,642,0,0
CUST00251,60,Female,Mass Market,114,2,7577.9,12,501.59,2,0,Mobile App,769,0,0
CUST00252,31,Male,Emerging Affluent,25,3,19986.89,54,836.35,18,2,ATM,332,0,0
CUST00253,47,Male,Youth,12,3,14914.9,7,118.85,18,0,Mobile App,331,1,0
CUST00254,30,Male,Mass Market,16,1,1416.99,57,450.18,21,0,Mobile App,832,1,0
CUST00255,26,Female,Mass Market,3,1,4197.7,35,1836.54,6,1,Online Banking,500,0,1
CUST00256,64,Male,Emerging Affluent,58,1,2381.25,54,161.54,10,1,ATM,548,0,0
CUST00257,32,Female,Youth,57,2,7170.48,45,423.77,15,0,Mobile App,575,0,0
CUST00258,37,Female,Emerging Affluent,47,3,4021.94,39,4261.5,4,0,ATM,368,0,0
CUST00259,31,Female,Youth,31,1,14436.3,58,1005.82,24,1,Branch,585,0,0
CUST00260,65,Male,Mass Market,60,2,4988.72,3,201.88,18,1,ATM,814,0,0
CUST00261,39,Male,Mass Market,23,4,4318.2,4,5072.58,22,0,Online Banking,531,2,0
CUST00262,60,Female,Affluent,41,2,11362.47,34,3.45,8,0,Online Banking,702,3,0
CUST00263,29,Male,Emerging Affluent,46,3,11801.02,53,12.47,9,0,Online Banking,305,3,0
CUST00264,39,Male,Emerging Affluent,47,2,1042.95,20,252.78,16,0,Online Banking,647,0,0
CUST00265,56,Male,Emerging Affluent,78,1,2465.22,33,2480.22,11,0,Mobile App,516,2,0
CUST00266,57,Female,Youth,99,1,10737.82,5,1022.02,12,0,Mobile App,355,0,0
CUST00267,43,Male,Mass Market,27,1,7233.18,36,1693.59,10,0,ATM,846,0,0
CUST00268,24,Female,Emerging Affluent,75,1,8456.95,41,2250.48,35,1,Online Banking,377,0,0
CUST00269,45,Male,Emerging Affluent,99,2,8997.19,52,235.53,27,0,Online Banking,432,0,0
CUST00270,51,Male,Mass Market,62,2,7430.46,47,461.23,12,0,Online Banking,331,1,0
CUST00271,58,Male,Emerging Affluent,66,1,2626.8,17,1303.59,8,2,Branch,318,0,1
CUST00272,58,Male,Youth,22,2,26776.36,42,2319.67,4,2,Online Banking,339,2,0
CUST00273,22,Female,Mass Market,40,3,13700.51,5,787.23,39,1,Online Banking,550,0,0
CUST00274,52,Female,Emerging Affluent,11,2,3306.85,6,221.71,35,0,Mobile App,380,0,0
CUST00275,52,Female,Mass Market,118,1,11404.24,27,757.84,23,0,Mobile App,837,0,0
CUST00276,56,Female,Mass Market,39,2,6522.71,23,2027.35,6,0,Branch,666,0,0
CUST00277,19,Male,Mass Market,59,3,25272.81,10,82.49,18,1,ATM,807,1,0
CUST00278,34,Male,Emerging Affluent,86,2,2741.61,45,696.49,29,0,Online Banking,423,0,0
CUST00279,24,Female,Youth,69,2,1834.72,15,1216.91,18,0,Mobile App,410,0,0
CUST00280,18,Female,Mass Market,37,2,9873.36,47,4357.85,16,0,Mobile App,461,0,0
CUST00281,39,Male,Affluent,99,1,5688.5,43,1775.23,13,1,Online Banking,555,0,0
CUST00282,62,Male,Youth,24,3,6092.52,22,44.21,15,0,Mobile App,605,0,0
CUST00283,19,Male,Youth,118,1,4433.3,50,1619.24,32,0,ATM,345,1,0
CUST00284,21,Male,Affluent,110,3,16277.0,5,1123.93,16,0,Online Banking,849,1,0
CUST00285,49,Female,Mass Market,114,4,11020.73,45,783.31,14,0,Mobile App,319,0,0
CUST00286,23,Female,Mass Market,81,1,4574.23,18,2338.09,39,0,Mobile App,726,3,0
CUST00287,27,Female,Mass Market,108,3,4768.35,56,2565.3,28,0,Online Banking,473,2,0
CUST00288,51,Male,Affluent,5,1,10485.81,45,1448.83,33,0,Branch,803,0,1
CUST00289,44,Female,Mass Market,42,1,2008.31,50,28.94,37,1,Online Banking,418,3,0
CUST00290,41,Female,Mass Market,102,1,1791.1,36,51.43,11,3,Branch,574,0,1
CUST00291,67,Male,Emerging Affluent,47,3,4712.79,13,2331.82,32,2,Online Banking,686,0,0
CUST00292,38,Female,Mass Market,78,3,3046.55,10,288.39,25,2,ATM,771,2,0
CUST00293,58,Male,Affluent,41,3,3420.92,21,1937.27,3,0,Online Banking,672,0,0
CUST00294,63,Male,Mass Market,18,2,2288.58,39,30.62,7,0,Branch,788,1,0
CUST00295,60,Male,Emerging Affluent,12,2,2789.71,44,3401.64,6,0,Online Banking,764,0,0
CUST00296,62,Female,Mass Market,76,2,7410.41,26,15.35,22,1,ATM,580,0,0
CUST00297,31,Female,Mass Market,85,2,6440.08,48,460.58,20,0,Mobile App,302,0,0
CUST00298,44,Female,Mass Market,87,1,1591.72,52,418.26,30,1,Branch,452,2,0
CUST00299,56,Female,Mass Market,106,1,5594.34,58,2628.71,25,0,Mobile App,545,0,0
CUST00300,30,Male,Mass Market,4,3,4072.28,16,2437.24,33,3,Online Banking,556,2,1
CUST00301,27,Male,Emerging Affluent,119,2,4123.79,54,1266.46,24,0,Branch,325,2,0
CUST00302,64,Male,Affluent,21,1,12960.32,20,981.33,36,0,Online Banking,463,1,0
CUST00303,31,Male,Mass Market,28,1,6299.81,8,317.33,6,1,Online Banking,838,0,0
CUST00304,18,Female,Mass Market,51,2,1734.49,13,3174.56,17,2,Branch,326,0,0
CUST00305,45,Female,Youth,70,1,3016.59,50,2354.79,19,0,Mobile App,688,1,0
CUST00306,35,Male,Affluent,20,2,4545.66,30,2318.21,31,1,Mobile App,603,0,0
CUST00307,30,Male,Mass Market,4,1,9921.04,43,242.35,18,0,Mobile App,826,0,1
CUST00308,49,Female,Mass Market,77,2,2089.38,34,2324.51,36,0,Online Banking,442,0,0
CUST00309,66,Female,Mass Market,54,3,3833.51,54,1244.85,38,0,ATM,688,1,0
CUST00310,64,Male,Mass Market,74,2,7911.27,47,2827.37,34,0,Mobile App,474,0,0
CUST00311,29,Male,Emerging Affluent,16,1,3865.94,18,361.06,5,0,ATM,605,0,0
CUST00312,44,Male,Mass Market,100,1,872.59,40,9831.85,32,0,ATM,405,0,0
CUST00313,53,Male,Mass Market,116,4,7843.12,0,1711.85,21,3,ATM,311,0,0
CUST00314,40,Male,Affluent,99,2,678.97,13,1368.04,36,0,Mobile App,324,1,0
CUST00315,58,Male,Mass Market,113,1,1924.81,15,968.44,30,2,ATM,491,0,0
CUST00316,22,Male,Emerging Affluent,13,3,6454.77,54,1663.55,11,1,Mobile App,722,0,0
CUST00317,30,Male,Mass Market,110,1,3205.05,57,663.72,35,0,Mobile App,454,1,0
CUST00318,55,Male,Youth,14,2,11234.67,11,199.86,15,0,Branch,356,0,0
CUST00319,59,Female,Mass Market,76,3,10401.29,42,180.62,25,0,Branch,672,0,0
CUST00320,49,Male,Affluent,119,1,6799.11,30,809.22,24,0,Branch,707,1,0
CUST00321,55,Male,Mass Market,45,1,13110.96,21,3717.31,24,0,Mobile App,830,0,0
CUST00322,56,Male,Mass Market,68,2,12470.41,59,1743.07,25,0,ATM,505,0,0
CUST00323,36,Male,Affluent,2,1,11639.9,43,1348.89,38,0,Mobile App,848,0,1
CUST00324,57,Male,Mass Market,68,3,745.86,27,1457.73,19,0,Mobile App,692,1,0
CUST00325,39,Female,Affluent,64,3,8473.21,16,822.95,9,0,Branch,457,0,0
CUST00326,24,Male,Affluent,75,2,28078.2,58,75.54,39,2,ATM,741,1,0
CUST00327,39,Female,Emerging Affluent,28,3,3308.28,6,4337.72,13,0,Branch,402,0,0
CUST00328,61,Male,Mass Market,42,2,11745.12,28,1957.73,13,1,Mobile App,649,1,0
CUST00329,42,Female,Mass Market,22,1,4311.76,11,566.07,13,2,ATM,725,1,1
CUST00330,69,Male,Mass Market,76,3,3534.34,29,835.63,26,0,Branch,559,1,0
CUST00331,63,Female,Mass Market,95,2,3552.34,7,253.3,25,0,Branch,314,0,0
CUST00332,68,Female,Mass Market,61,1,5051.45,35,3215.31,29,0,Online Banking,369,1,0
CUST00333,57,Male,Emerging Affluent,67,2,14123.19,2,735.3,7,0,Mobile App,399,0,0
CUST00334,60,Male,Mass Market,63,1,3447.15,26,336.01,13,0,Mobile App,703,0,0
CUST00335,60,Male,Emerging Affluent,63,3,8910.05,12,3257.45,10,3,Online Banking,338,0,0
CUST00336,30,Male,Mass Market,54,3,3533.41,20,2248.16,3,0,Mobile App,572,1,0
CUST00337,51,Female,Affluent,30,3,1387.84,7,2258.68,33,0,ATM,809,2,0
CUST00338,50,Female,Mass Market,115,2,6523.78,3,709.31,36,0,ATM,411,2,0
CUST00339,49,Male,Mass Market,104,3,3083.57,9,903.59,30,0,Online Banking,304,1,0
CUST00340,40,Female,Emerging Affluent,37,3,23556.56,8,342.27,35,0,Online Banking,602,0,0
CUST00341,53,Male,Emerging Affluent,2,1,2587.78,55,763.88,32,2,Online Banking,539,1,1
CUST00342,21,Female,Youth,96,2,6282.51,13,747.89,15,1,Branch,653,0,0
CUST00343,19,Male,Emerging Affluent,95,2,13592.54,38,1912.98,11,0,ATM,441,0,0
CUST00344,34,Male,Affluent,41,2,17687.36,8,1062.67,33,1,Mobile App,767,0,0
CUST00345,43,Female,Emerging Affluent,1,1,2569.59,58,3103.9,9,0,ATM,570,2,1
CUST00346,20,Male,Mass Market,66,1,8605.04,36,200.89,26,0,Mobile App,445,0,0
CUST00347,22,Female,Youth,110,3,4285.86,59,1830.13,24,1,Branch,510,0,0
CUST00348,22,Female,Mass Market,7,1,3920.76,47,462.52,16,1,Branch,608,0,1
CUST00349,63,Male,Affluent,10,3,823.47,12,6869.63,8,1,Branch,637,0,1
CUST00350,37,Female,Mass Market,76,2,11231.85,58,7.25,28,3,ATM,786,0,0
CUST00351,21,Male,Affluent,68,1,7059.17,16,805.5,27,3,Branch,813,0,1
CUST00352,30,Female,Mass Market,13,2,4229.17,36,3231.03,31,0,ATM,838,1,0
CUST00353,62,Male,Mass Market,92,3,13573.73,4,2725.59,38,0,ATM,810,1,0
CUST00354,29,Female,Mass Market,7,3,5565.43,56,231.67,13,1,Mobile App,715,1,0
CUST00355,57,Male,Youth,10,4,2642.64,12,1461.66,32,0,Online Banking,769,0,0
CUST00356,65,Male,Emerging Affluent,67,1,14564.38,7,2234.26,15,0,Mobile App,610,0,0
CUST00357,47,Female,Youth,109,1,1290.76,33,568.67,30,0,Branch,788,1,0
CUST00358,30,Male,Emerging Affluent,46,1,15731.05,0,270.43,19,0,Mobile App,586,0,0
CUST00359,56,Female,Youth,3,3,6940.19,28,2628.05,18,1,Branch,846,0,0
CUST00360,19,Female,Affluent,26,1,3756.92,36,3452.69,19,0,Online Banking,677,1,0
CUST00361,18,Male,Emerging Affluent,79,3,9588.42,19,327.06,35,0,Branch,355,0,0
CUST00362,23,Male,Mass Market,63,1,18762.64,42,2068.73,39,0,Branch,498,0,0
CUST00363,53,Male,Emerging Affluent,57,3,9711.05,58,422.65,30,1,Branch,392,0,0
CUST00364,22,Male,Mass Market,84,4,7164.88,56,827.96,31,0,ATM,339,0,0
CUST00365,38,Male,Mass Market,28,1,3650.66,17,212.14,8,0,Online Banking,608,0,0
CUST00366,66,Male,Youth,95,2,11653.8,27,2409.38,39,0,Branch,787,1,0
CUST00367,28,Female,Youth,34,3,13238.65,22,79.56,30,1,Online Banking,657,0,0
CUST00368,58,Male,Mass Market,56,3,987.6,50,6.19,10,0,ATM,439,0,0
CUST00369,24,Male,Affluent,28,2,20631.0,15,951.2,17,0,ATM,303,1,0
CUST00370,38,Male,Youth,37,4,2357.35,22,1943.41,12,1,ATM,745,0,0
CUST00371,45,Female,Emerging Affluent,85,3,567.33,6,59.22,27,1,Branch,555,0,0
CUST00372,45,Female,Emerging Affluent,94,1,2842.54,47,1496.4,29,0,Branch,752,0,0
CUST00373,37,Male,Mass Market,66,2,3665.57,34,996.41,14,1,Online Banking,787,0,0
CUST00374,56,Male,Mass Market,80,1,11418.29,9,2099.54,19,0,Branch,634,0,0
CUST00375,20,Male,Emerging Affluent,95,4,4297.11,49,136.45,22,0,ATM,303,0,0
CUST00376,57,Female,Affluent,24,3,1036.87,43,5385.56,20,1,Mobile App,307,0,0
CUST00377,46,Male,Mass Market,100,2,7686.59,24,3166.99,11,2,Mobile App,694,1,0
CUST00378,49,Female,Affluent,77,2,12611.07,11,1495.44,39,1,Online Banking,763,1,0
CUST00379,19,Male,Mass Market,3,1,9123.38,58,867.71,39,0,ATM,674,2,1
CUST00380,27,Male,Mass Market,3,1,5487.02,14,1600.08,27,0,Mobile App,436,0,1
CUST00381,33,Female,Affluent,66,1,4245.15,2,859.53,37,2,Branch,575,1,1
CUST00382,61,Male,Mass Market,34,1,18100.07,13,2458.27,27,1,Branch,673,0,0
CUST00383,49,Female,Mass Market,59,2,3264.51,58,250.49,19,1,Branch,519,0,0
CUST00384,65,Male,Emerging Affluent,23,1,764.81,16,164.77,37,0,Mobile App,347,2,1
CUST00385,54,Male,Affluent,54,3,8676.12,24,367.27,27,0,Branch,399,0,0
CUST00386,49,Male,Mass Market,36,4,17270.0,54,4265.84,31,0,Branch,539,0,0
CUST00387,41,Male,Mass Market,89,2,1044.86,53,1335.19,31,0,Online Banking,422,2,0
CUST00388,29,Female,Emerging Affluent,70,2,6528.34,46,2688.41,1,1,Online Banking,344,1,0
CUST00389,22,Male,Emerging Affluent,103,4,22725.12,4,1297.87,24,0,ATM,661,0,0
CUST00390,33,Male,Mass Market,61,2,585.47,52,8800.92,11,3,Branch,799,0,0
CUST00391,23,Male,Emerging Affluent,46,1,14476.64,23,5105.04,9,0,ATM,754,0,0
CUST00392,59,Female,Mass Market,36,4,11795.32,27,5609.91,34,1,Mobile App,367,0,0
CUST00393,33,Male,Affluent,2,3,5011.72,35,372.49,27,0,Branch,473,0,0
CUST00394,69,Female,Emerging Affluent,31,4,8237.69,8,2360.3,12,1,Mobile App,660,0,0
CUST00395,60,Female,Mass Market,61,1,17311.26,47,186.73,27,1,Branch,771,0,0
CUST00396,62,Male,Mass Market,37,4,7058.0,39,120.56,0,0,Branch,301,0,0
CUST00397,44,Male,Mass Market,6,2,3111.67,48,716.58,27,0,Mobile App,423,0,0
CUST00398,27,Female,Affluent,11,1,9408.94,2,4.52,35,1,Branch,463,2,1
CUST00399,54,Female,Emerging Affluent,105,1,17995.49,1,2361.5,18,0,Branch,438,0,0
CUST00400,62,Female,Mass Market,32,2,6384.4,32,1295.62,6,0,Mobile App,355,0,0
CUST00401,64,Male,Youth,115,2,11287.05,33,896.94,36,0,Online Banking,636,0,0
CUST00402,48,Male,Emerging Affluent,102,2,6363.96,40,1411.3,14,1,ATM,791,0,0
CUST00403,22,Female,Emerging Affluent,68,1,18867.97,2,604.15,21,0,Online Banking,710,0,0
CUST00404,55,Female,Mass Market,74,1,17597.63,54,1382.73,10,0,ATM,843,0,0
CUST00405,37,Female,Affluent,71,1,2734.4,23,1141.63,38,0,Online Banking,484,0,0
CUST00406,63,Female,Emerging Affluent,32,1,3013.09,54,2987.62,14,0,Mobile App,637,0,0
CUST00407,40,Female,Emerging Affluent,75,3,11244.49,52,382.05,30,1,ATM,483,0,0
CUST00408,42,Male,Mass Market,1,2,13221.2,0,809.4,0,0,Online Banking,491,0,0
CUST00409,45,Male,Emerging Affluent,74,1,25361.9,26,488.06,4,0,ATM,338,0,0
CUST00410,51,Female,Emerging Affluent,94,1,6784.71,12,227.83,4,1,Branch,790,0,0
CUST00411,46,Female,Mass Market,60,4,15733.13,17,1380.85,33,0,Branch,731,0,0
CUST00412,39,Male,Mass Market,107,2,2073.72,23,205.93,23,0,Mobile App,574,2,0
CUST00413,50,Male,Mass Market,72,3,821.83,43,510.66,8,0,ATM,552,0,0
CUST00414,47,Male,Emerging Affluent,36,2,2823.88,15,996.67,32,0,Mobile App,696,0,0
CUST00415,22,Male,Affluent,81,2,7978.43,54,2326.1,2,1,Online Banking,473,0,0
CUST00416,55,Female,Emerging Affluent,41,3,4478.32,59,705.93,23,0,Online Banking,736,0,0
CUST00417,58,Female,Affluent,96,1,8779.24,10,2428.27,32,1,Online Banking,772,0,0
CUST00418,60,Female,Mass Market,99,3,2164.89,19,196.98,20,0,Online Banking,642,0,0
CUST00419,39,Female,Mass Market,65,1,4108.72,2,1496.25,0,1,ATM,727,0,0
CUST00420,26,Male,Affluent,38,1,802.62,6,814.44,8,0,ATM,402,0,0
CUST00421,53,Male,Mass Market,114,2,24276.92,11,180.74,25,0,Branch,764,0,0
CUST00422,35,Male,Mass Market,12,2,2589.86,2,647.29,16,0,Online Banking,411,1,0
CUST00423,41,Male,Affluent,57,1,6744.23,40,1485.03,16,0,Mobile App,457,0,0
CUST00424,64,Female,Emerging Affluent,42,1,6648.98,2,1468.6,0,0,Mobile App,508,0,0
CUST00425,51,Female,Mass Market,72,1,3398.39,28,26.85,16,3,Branch,440,0,1
CUST00426,49,Male,Mass Market,49,2,1215.15,34,645.56,4,1,Branch,380,0,0
CUST00427,40,Female,Youth,98,2,13084.32,28,254.92,26,2,ATM,425,1,0
CUST00428,18,Male,Emerging Affluent,66,2,644.0,58,714.78,23,0,Branch,821,0,0
CUST00429,63,Female,Emerging Affluent,22,3,3866.79,34,22.86,33,3,ATM,648,2,0
CUST00430,31,Female,Emerging Affluent,109,2,11578.33,14,2758.09,34,0,Mobile App,617,0,0
CUST00431,28,Male,Emerging Affluent,22,3,5419.37,33,1643.39,28,1,Mobile App,778,0,0
CUST00432,60,Male,Emerging Affluent,92,2,4290.72,43,1550.13,7,0,Branch,301,0,0
CUST00433,37,Female,Mass Market,98,2,8753.27,8,1061.66,10,1,Mobile App,301,0,0
CUST00434,34,Male,Affluent,47,2,5345.73,28,775.91,34,1,Online Banking,748,3,0
CUST00435,20,Male,Emerging Affluent,74,1,9483.61,10,671.68,7,1,Online Banking,376,2,0
CUST00436,46,Male,Mass Market,8,2,3219.14,31,149.93,24,0,Online Banking,471,0,0
CUST00437,23,Female,Emerging Affluent,33,2,9268.4,31,728.85,7,3,Mobile App,684,0,0
CUST00438,63,Female,Emerging Affluent,115,3,5584.83,17,434.59,8,0,ATM,671,0,0
CUST00439,32,Female,Mass Market,51,3,8675.29,14,1278.43,36,0,Branch,339,0,0
CUST00440,61,Female,Emerging Affluent,44,3,8995.06,59,791.31,1,0,ATM,535,0,0
CUST00441,20,Male,Affluent,87,1,1932.5,44,1352.22,24,0,ATM,760,0,0
CUST00442,33,Female,Affluent,60,1,12929.14,28,79.38,22,0,ATM,627,1,0
CUST00443,65,Female,Mass Market,6,1,7085.24,26,427.46,5,0,ATM,510,0,1
CUST00444,60,Female,Mass Market,24,1,4141.02,22,1094.9,30,2,Online Banking,336,0,1
CUST00445,63,Female,Emerging Affluent,61,2,16301.77,52,158.8,14,0,Mobile App,463,0,0
CUST00446,26,Male,Mass Market,63,4,9722.49,15,141.26,14,2,Mobile App,599,0,0
CUST00447,43,Female,Emerging Affluent,50,4,9355.61,35,1134.78,16,0,Online Banking,813,0,0
CUST00448,51,Female,Affluent,38,3,564.82,16,1068.83,17,1,Online Banking,745,0,0
CUST00449,44,Male,Mass Market,13,2,4972.35,57,1860.47,35,0,Branch,515,1,0
CUST00450,42,Female,Mass Market,89,2,9833.21,30,330.61,10,0,Branch,611,2,0
CUST00451,65,Male,Emerging Affluent,19,1,10318.42,7,94.96,1,0,Online Banking,461,0,0
CUST00452,51,Male,Emerging Affluent,100,1,30591.72,46,3641.25,27,1,Online Banking,704,1,0
CUST00453,26,Female,Mass Market,77,3,1870.69,43,2391.29,30,0,Online Banking,527,0,0
CUST00454,69,Male,Affluent,64,1,14150.43,35,759.47,32,0,Online Banking,668,0,0
CUST00455,46,Female,Mass Market,33,2,28541.13,6,103.18,12,0,Online Banking,746,0,0
CUST00456,46,Female,Mass Market,118,2,7431.48,19,57.77,19,1,Online Banking,583,0,0
CUST00457,45,Female,Emerging Affluent,115,2,5115.72,40,396.3,5,0,Online Banking,371,0,0
CUST00458,20,Female,Mass Market,33,1,1475.63,13,3.38,24,1,Mobile App,844,1,0
CUST00459,26,Male,Mass Market,24,1,6944.17,6,2477.42,32,0,Mobile App,646,0,0
CUST00460,45,Female,Mass Market,115,2,1064.75,39,4699.11,17,0,Branch,618,0,0
CUST00461,49,Male,Affluent,41,2,4464.4,52,3123.86,37,0,ATM,713,0,0
CUST00462,38,Male,Mass Market,54,2,10378.04,3,817.91,39,0,ATM,309,0,0
CUST00463,36,Male,Emerging Affluent,34,1,11800.18,56,1283.96,4,1,Branch,649,0,0
CUST00464,52,Male,Mass Market,82,1,7778.76,11,1385.55,2,2,Online Banking,446,0,1
CUST00465,67,Male,Mass Market,93,1,2589.32,4,285.24,30,0,Mobile App,699,1,0
CUST00466,38,Female,Emerging Affluent,114,3,6620.76,18,195.97,7,2,ATM,536,0,0
CUST00467,29,Female,Affluent,93,3,2702.41,44,87.36,17,0,Branch,459,2,0
CUST00468,19,Female,Emerging Affluent,72,2,19618.09,25,896.89,34,0,Branch,453,0,0
CUST00469,33,Female,Affluent,69,2,6026.01,0,2013.76,18,1,ATM,479,0,0
CUST00470,65,Male,Youth,100,1,3801.34,17,838.52,35,0,Mobile App,805,0,0
CUST00471,53,Female,Mass Market,54,3,17535.34,25,2004.32,32,1,Branch,619,3,0
CUST00472,47,Male,Affluent,40,2,27920.71,55,1736.48,38,0,ATM,613,0,0
CUST00473,21,Female,Youth,112,4,15388.24,50,480.1,5,0,Branch,667,0,0
CUST00474,49,Female,Emerging Affluent,39,1,15159.71,20,1585.1,28,0,Online Banking,785,0,0
CUST00475,24,Female,Youth,83,1,1233.3,12,5410.22,28,1,Mobile App,324,0,0
CUST00476,44,Male,Mass Market,113,2,26962.31,41,149.42,23,0,ATM,486,0,0
CUST00477,46,Male,Affluent,19,2,45629.03,16,34.11,36,0,Online Banking,577,0,0
CUST00478,61,Male,Mass Market,34,2,8013.9,14,1119.94,25,1,Online Banking,747,0,0
CUST00479,51,Male,Emerging Affluent,10,3,1062.84,17,2284.21,7,0,Online Banking,775,0,0
CUST00480,53,Male,Mass Market,55,2,6477.67,14,2211.19,36,1,Online Banking,820,1,0
CUST00481,28,Female,Emerging Affluent,2,2,4183.87,23,1545.81,23,2,Branch,798,1,1
CUST00482,38,Male,Mass Market,8,3,15774.57,13,2284.48,28,0,Online Banking,651,0,0
CUST00483,23,Female,Mass Market,30,2,8657.43,39,1.75,11,0,Online Banking,371,0,0
CUST00484,57,Male,Affluent,67,2,20930.86,43,135.3,14,0,ATM,702,0,0
CUST00485,69,Female,Youth,8,1,10699.39,7,1233.08,35,0,Mobile App,405,2,1
CUST00486,48,Male,Affluent,16,2,4050.26,5,1879.08,11,2,Branch,709,0,0
CUST00487,63,Male,Youth,19,2,7190.77,8,1794.82,27,3,ATM,459,1,0
CUST00488,29,Female,Affluent,85,1,13357.73,1,4606.48,16,0,ATM,726,1,0
CUST00489,44,Female,Mass Market,12,1,1086.4,37,178.09,7,0,ATM,601,1,0
CUST00490,52,Female,Mass Market,17,4,2162.88,57,3516.49,34,3,Branch,378,0,0
CUST00491,62,Female,Emerging Affluent,53,2,6968.13,37,178.58,33,0,Mobile App,681,0,0
CUST00492,47,Male,Mass Market,88,3,6928.47,30,1884.4,25,1,Mobile App,732,0,0
CUST00493,41,Male,Emerging Affluent,41,1,654.44,1,1939.33,29,3,Mobile App,398,0,1
CUST00494,27,Female,Emerging Affluent,104,1,710.62,25,331.0,33,0,ATM,651,1,0
CUST00495,66,Male,Emerging Affluent,96,1,15694.15,1,4.35,2,0,Online Banking,492,0,0
CUST00496,62,Male,Mass Market,40,1,14631.71,11,313.59,36,0,ATM,582,0,0
CUST00497,23,Male,Mass Market,96,4,4646.25,9,582.53,39,1,Online Banking,518,0,0
CUST00498,23,Female,Mass Market,1,1,517.83,53,2141.01,17,1,Branch,808,0,1
CUST00499,38,Female,Youth,103,2,2911.63,0,4452.7,4,0,Mobile App,497,0,0
CUST00500,61,Male,Youth,103,2,21023.85,30,6178.23,16,0,Branch,689,0,0
CUST00501,54,Male,Mass Market,76,1,9930.91,39,2096.54,12,0,Branch,497,0,0
CUST00502,37,Female,Affluent,12,2,5732.88,21,2144.56,4,0,Branch,696,2,0
CUST00503,63,Female,Emerging Affluent,36,2,5672.14,6,955.6,25,0,ATM,578,0,0
CUST00504,38,Female,Emerging Affluent,59,3,1501.78,42,650.5,38,1,ATM,551,0,0
CUST00505,23,Female,Mass Market,119,3,1829.04,9,1921.16,1,0,Mobile App,594,1,0
CUST00506,61,Male,Mass Market,75,2,5236.15,11,3343.52,5,0,Mobile App,687,2,0
CUST00507,49,Male,Emerging Affluent,119,1,11377.24,17,454.6,39,0,Branch,537,0,0
CUST00508,50,Male,Youth,25,2,3168.9,36,2386.26,25,0,Mobile App,346,0,0
CUST00509,31,Male,Affluent,89,4,1519.87,17,4396.5,18,0,Mobile App,654,3,0
CUST00510,53,Male,Mass Market,44,1,10077.81,52,650.49,4,0,Mobile App,764,0,0
CUST00511,60,Female,Youth,6,2,20439.9,48,1834.92,27,2,Mobile App,747,0,1
CUST00512,32,Male,Mass Market,109,2,4540.58,22,92.22,13,0,Mobile App,444,0,0
CUST00513,41,Female,Mass Market,75,2,4842.46,14,1392.53,27,0,ATM,492,0,0
CUST00514,42,Female,Emerging Affluent,87,2,9149.87,56,296.58,34,1,ATM,410,0,0
CUST00515,44,Female,Mass Market,94,2,18222.56,53,1638.76,23,0,Branch,358,0,0
CUST00516,38,Female,Affluent,87,3,31485.13,28,94.85,0,0,Mobile App,720,1,0
CUST00517,27,Female,Youth,44,4,3138.7,48,85.5,33,1,Branch,778,0,0
CUST00518,58,Female,Mass Market,26,4,25260.21,50,963.42,8,0,ATM,472,2,0
CUST00519,58,Female,Mass Market,9,3,8667.63,53,1519.88,30,0,Branch,500,0,0
CUST00520,61,Female,Youth,30,2,3422.74,35,3189.57,6,0,Online Banking,398,2,0
CUST00521,25,Female,Mass Market,88,1,13550.28,0,1730.76,14,0,Mobile App,647,1,0
CUST00522,41,Female,Mass Market,2,1,3343.53,33,1071.67,19,0,Mobile App,640,1,1
CUST00523,57,Female,Mass Market,48,2,814.57,25,1717.62,11,0,Branch,354,0,0
CUST00524,26,Male,Mass Market,68,1,3140.04,33,6593.97,0,0,Branch,845,1,0
CUST00525,46,Male,Mass Market,103,2,19848.77,23,72.98,22,0,Mobile App,483,0,0
CUST00526,62,Female,Mass Market,21,4,2041.89,9,3267.5,20,0,ATM,763,2,0
CUST00527,18,Male,Affluent,102,1,3234.04,31,39.39,24,0,ATM,640,0,0
CUST00528,38,Male,Youth,91,2,3743.75,20,552.17,21,0,Branch,547,0,0
CUST00529,68,Male,Mass Market,60,2,11160.08,0,1165.09,17,1,ATM,633,0,0
CUST00530,66,Male,Youth,82,2,4151.97,47,1135.03,28,0,Branch,524,0,0
CUST00531,31,Male,Mass Market,70,2,6835.96,12,1711.51,25,1,Mobile App,589,0,0
CUST00532,31,Female,Mass Market,110,1,10083.99,14,476.57,10,0,Branch,701,0,0
CUST00533,40,Male,Youth,57,2,12816.63,36,4482.55,4,1,ATM,380,0,0
CUST00534,43,Male,Mass Market,30,1,2148.76,9,2149.92,13,0,Mobile App,583,0,0
CUST00535,41,Male,Affluent,3,1,4362.24,39,14.09,18,0,Mobile App,332,0,1
CUST00536,51,Male,Mass Market,104,2,15525.1,8,1634.72,27,0,Online Banking,691,2,0
CUST00537,61,Male,Mass Market,97,1,25173.96,56,151.27,38,0,Online Banking,778,1,0
CUST00538,52,Male,Mass Market,36,2,2328.05,6,1837.55,39,1,ATM,563,2,0
CUST00539,30,Male,Affluent,119,3,897.89,50,2747.6,9,0,Branch,691,0,0
CUST00540,58,Female,Emerging Affluent,85,1,1246.04,41,535.58,5,0,Branch,397,0,0
CUST00541,35,Female,Mass Market,63,2,21678.42,59,324.33,3,0,Branch,770,2,0
CUST00542,52,Male,Youth,50,2,6212.02,15,1651.15,17,0,Branch,658,0,0
CUST00543,65,Male,Mass Market,14,2,5746.17,7,737.46,19,0,ATM,789,0,0
CUST00544,56,Male,Mass Market,65,1,24703.52,56,1251.41,12,0,ATM,557,0,0
CUST00545,19,Female,Affluent,10,4,5579.16,32,1141.38,37,0,Branch,490,0,0
CUST00546,20,Female,Affluent,62,3,14999.13,56,3541.59,15,1,Branch,525,0,0
CUST00547,22,Male,Mass Market,80,2,8408.13,20,436.89,33,0,Mobile App,501,2,0
CUST00548,35,Female,Affluent,38,4,5986.98,18,103.37,29,1,Mobile App,819,0,0
CUST00549,61,Female,Mass Market,69,1,21217.21,49,517.63,39,0,Branch,846,0,0
CUST00550,29,Female,Emerging Affluent,97,1,10180.22,50,1760.91,38,1,ATM,335,1,0
CUST00551,63,Female,Mass Market,40,2,9247.74,57,333.47,10,0,Branch,310,0,0
CUST00552,57,Male,Mass Market,79,1,6243.94,34,126.55,37,0,Online Banking,554,3,0
CUST00553,41,Female,Mass Market,22,2,9614.71,5,445.06,1,0,Branch,659,0,0
CUST00554,69,Female,Emerging Affluent,84,2,2757.41,27,748.32,35,0,ATM,417,0,0
CUST00555,47,Male,Youth,28,1,2671.41,38,4275.07,20,1,Mobile App,666,0,0
CUST00556,69,Female,Emerging Affluent,38,2,7862.97,23,698.78,36,0,ATM,470,0,0
CUST00557,69,Female,Mass Market,97,1,4801.97,32,404.84,30,0,Online Banking,663,0,0
CUST00558,56,Male,Emerging Affluent,104,1,983.98,27,169.05,5,2,Branch,714,0,1
CUST00559,63,Female,Emerging Affluent,111,2,1362.41,15,1513.13,12,1,Online Banking,590,0,0
CUST00560,49,Male,Emerging Affluent,41,1,3075.65,48,103.49,4,0,ATM,788,0,0
CUST00561,64,Male,Mass Market,109,1,7609.91,26,1339.58,32,2,Branch,367,0,1
CUST00562,28,Female,Youth,15,3,5840.3,17,2662.95,12,0,Branch,386,0,0
CUST00563,43,Male,Mass Market,51,1,573.12,26,5164.4,33,2,ATM,744,0,1
CUST00564,50,Female,Mass Market,4,4,5388.31,28,1084.49,17,0,Online Banking,521,0,0
CUST00565,62,Male,Affluent,115,1,1276.7,24,23.46,29,0,ATM,326,0,0
CUST00566,22,Male,Affluent,29,4,15850.67,55,3117.52,19,0,Branch,315,1,0
CUST00567,60,Male,Emerging Affluent,16,1,3236.4,18,1966.14,7,0,Mobile App,339,1,0
CUST00568,20,Female,Emerging Affluent,79,2,4845.49,5,773.96,15,0,Online Banking,809,0,0
CUST00569,32,Male,Mass Market,109,3,9313.84,27,90.32,37,0,Online Banking,666,0,0
CUST00570,36,Male,Mass Market,76,3,13354.54,5,595.57,34,0,Mobile App,680,0,0
CUST00571,49,Male,Mass Market,61,2,3820.29,42,3215.58,35,1,Branch,569,0,0
CUST00572,44,Male,Youth,103,1,1668.88,36,1107.2,2,1,Branch,415,0,0
CUST00573,38,Female,Emerging Affluent,109,2,4087.39,11,104.68,1,0,Online Banking,545,1,0
CUST00574,25,Male,Mass Market,8,1,3938.14,7,2677.48,25,0,Online Banking,740,0,1
CUST00575,22,Female,Mass Market,22,2,3644.41,58,1591.62,22,3,Mobile App,618,0,0
CUST00576,42,Male,Mass Market,38,1,597.12,33,551.18,7,2,ATM,582,0,1
CUST00577,31,Female,Affluent,73,2,9017.71,15,512.99,36,0,Branch,524,0,0
CUST00578,67,Male,Mass Market,78,2,3129.46,43,2055.61,19,0,Online Banking,469,0,0
CUST00579,29,Female,Mass Market,18,1,20691.33,14,2180.14,27,2,Mobile App,826,1,1
CUST00580,55,Female,Mass Market,113,4,19980.58,7,365.63,38,3,Mobile App,708,0,0
CUST00581,53,Male,Mass Market,117,3,6316.87,24,384.46,9,0,Online Banking,522,0,0
CUST00582,43,Male,Emerging Affluent,45,4,2516.42,41,153.54,32,0,Mobile App,410,0,0
CUST00583,48,Male,Emerging Affluent,90,2,4256.23,6,457.71,9,0,Online Banking,333,2,0
CUST00584,20,Male,Youth,46,1,4997.73,19,879.72,37,1,ATM,766,0,0
CUST00585,44,Male,Affluent,112,2,12269.24,27,668.87,13,1,Branch,591,0,0
CUST00586,57,Male,Affluent,47,1,10374.63,37,886.08,17,1,Branch,731,0,0
CUST00587,32,Female,Mass Market,1,2,5089.04,1,2398.12,12,1,Mobile App,380,1,0
CUST00588,37,Female,Mass Market,70,2,12029.38,15,4370.02,28,0,Branch,527,0,0
CUST00589,39,Female,Emerging Affluent,8,1,9302.83,57,1148.28,30,0,ATM,823,0,1
CUST00590,30,Male,Mass Market,78,1,1361.21,43,2813.16,11,1,ATM,624,0,0
CUST00591,26,Male,Mass Market,14,1,11603.16,51,132.71,21,0,Mobile App,719,0,0
CUST00592,55,Female,Mass Market,75,3,6434.34,9,2058.98,19,0,Mobile App,388,0,0
CUST00593,55,Male,Emerging Affluent,57,1,2826.86,40,768.18,14,0,Online Banking,686,0,0
CUST00594,43,Male,Youth,70,2,8001.05,17,3956.56,1,0,Mobile App,537,3,0
CUST00595,47,Male,Mass Market,46,1,10307.64,33,806.53,2,1,ATM,714,0,0
CUST00596,27,Male,Mass Market,52,4,10679.46,20,374.21,5,1,Branch,441,0,0
CUST00597,31,Male,Mass Market,64,2,39629.05,52,3254.71,24,1,Mobile App,522,0,0
CUST00598,47,Male,Mass Market,102,3,5945.92,18,2056.87,39,0,Branch,497,0,0
CUST00599,34,Female,Affluent,82,3,7544.22,47,686.24,38,0,ATM,574,0,0
CUST00600,27,Female,Emerging Affluent,43,1,7662.0,58,3415.3,9,0,Mobile App,428,0,0
CUST00601,42,Female,Affluent,21,3,20909.77,21,808.54,11,0,Mobile App,530,0,0
CUST00602,46,Female,Mass Market,10,1,1381.47,6,7328.25,20,0,Mobile App,695,0,1
CUST00603,42,Male,Mass Market,10,3,7536.19,16,369.84,32,1,ATM,726,0,0
CUST00604,63,Male,Emerging Affluent,7,1,5307.54,4,1013.99,29,0,Online Banking,312,0,1
CUST00605,34,Male,Emerging Affluent,71,1,731.0,27,2636.1,24,1,Branch,409,0,0
CUST00606,21,Female,Emerging Affluent,55,1,8296.06,53,518.87,39,0,ATM,848,0,0
CUST00607,38,Male,Emerging Affluent,41,3,18432.67,19,1705.51,5,1,ATM,810,2,0
CUST00608,46,Female,Youth,85,1,23900.92,51,1024.08,34,1,ATM,633,0,0
CUST00609,33,Male,Affluent,12,2,4405.16,33,846.33,6,0,ATM,584,2,0
CUST00610,68,Male,Youth,41,1,17966.96,43,28.22,13,1,Online Banking,479,0,0
CUST00611,27,Female,Mass Market,96,3,11334.41,28,249.57,6,1,ATM,533,0,0
CUST00612,66,Male,Mass Market,14,2,1484.22,49,1318.74,13,2,Mobile App,681,0,0
CUST00613,52,Male,Emerging Affluent,91,1,11906.39,58,1199.92,2,0,Mobile App,533,0,0
CUST00614,22,Male,Mass Market,32,2,6037.97,50,714.55,25,2,ATM,343,0,0
CUST00615,35,Male,Mass Market,43,1,13687.68,21,981.87,34,0,ATM,770,0,0
CUST00616,37,Female,Emerging Affluent,85,4,5992.22,34,1707.91,8,1,Online Banking,636,0,0
CUST00617,65,Female,Affluent,79,2,3638.5,4,3422.53,32,1,Mobile App,705,1,0
CUST00618,32,Female,Youth,101,2,6841.43,27,4329.52,29,1,Branch,758,0,0
CUST00619,37,Male,Emerging Affluent,36,4,4244.19,51,1921.95,31,0,Online Banking,599,1,0
CUST00620,26,Female,Youth,57,1,6092.13,15,401.79,22,0,Mobile App,491,1,0
CUST00621,58,Male,Emerging Affluent,23,3,21020.93,9,710.47,18,0,Mobile App,454,0,0
CUST00622,35,Male,Mass Market,33,4,4611.76,46,126.38,22,0,Online Banking,454,1,0
CUST00623,27,Male,Mass Market,61,1,26640.25,27,2321.96,28,0,Mobile App,365,0,0
CUST00624,67,Male,Youth,81,1,19489.87,35,142.01,3,0,Branch,737,0,0
CUST00625,54,Male,Mass Market,85,1,10864.63,49,2830.7,10,1,Online Banking,769,0,0
CUST00626,59,Male,Emerging Affluent,70,2,18555.73,34,220.2,8,1,Branch,535,0,0
CUST00627,29,Male,Mass Market,17,2,5876.15,9,1057.34,38,0,Branch,829,0,0
CUST00628,32,Female,Affluent,48,2,15350.91,45,431.61,19,0,ATM,550,1,0
CUST00629,19,Male,Youth,88,3,2807.19,18,69.56,3,0,Mobile App,688,0,0
CUST00630,57,Male,Mass Market,86,1,13407.01,6,2937.26,22,2,Branch,736,2,1
CUST00631,43,Female,Mass Market,16,1,8258.86,22,305.46,27,2,Mobile App,802,0,0
CUST00632,25,Male,Youth,72,1,33722.86,46,886.96,13,1,Mobile App,722,0,0
CUST00633,58,Male,Emerging Affluent,57,4,16320.75,20,2191.2,0,1,Online Banking,684,0,0
CUST00634,25,Female,Affluent,23,1,3647.39,39,1628.98,11,0,Mobile App,745,3,0
CUST00635,64,Male,Emerging Affluent,55,3,4793.7,28,779.17,23,0,Mobile App,693,0,0
CUST00636,56,Female,Affluent,34,4,860.45,1,1457.82,19,1,Branch,781,0,0
CUST00637,39,Female,Affluent,24,1,842.4,4,2888.83,7,1,ATM,384,0,0
CUST00638,65,Male,Emerging Affluent,101,1,11133.11,34,1601.37,10,2,Branch,393,1,1
CUST00639,49,Male,Affluent,92,3,3340.33,3,5176.19,21,1,Branch,339,1,0
CUST00640,61,Female,Emerging Affluent,14,2,9565.61,20,441.34,38,0,ATM,739,1,0
CUST00641,64,Female,Mass Market,18,1,765.31,19,801.86,15,1,ATM,833,1,0
CUST00642,57,Female,Mass Market,66,2,2559.31,21,126.89,4,0,ATM,376,1,0
CUST00643,25,Male,Mass Market,28,3,5482.91,28,1196.59,36,0,ATM,810,0,0
CUST00644,53,Male,Mass Market,47,1,1408.16,54,2433.25,15,1,ATM,360,0,0
CUST00645,67,Male,Affluent,8,2,6499.35,44,988.19,8,1,Mobile App,815,3,0
CUST00646,39,Female,Emerging Affluent,19,3,6487.03,12,2483.24,37,0,Mobile App,407,0,0
CUST00647,19,Male,Mass Market,65,1,1832.39,8,744.74,2,0,Branch,760,0,0
CUST00648,27,Male,Youth,26,1,2623.61,51,199.96,27,1,Mobile App,581,0,0
CUST00649,25,Female,Emerging Affluent,26,3,10596.19,35,418.89,26,0,Online Banking,789,0,0
CUST00650,56,Male,Emerging Affluent,88,2,3271.86,23,2374.33,7,0,Branch,724,0,0
CUST00651,59,Female,Affluent,1,3,1241.05,20,241.89,36,0,Mobile App,806,3,0
CUST00652,48,Female,Mass Market,29,2,12676.5,10,11.14,14,0,Online Banking,635,3,0
CUST00653,53,Female,Mass Market,107,4,5405.65,57,929.81,11,0,Mobile App,686,0,0
CUST00654,37,Female,Youth,54,1,3488.43,28,1645.64,19,0,Branch,311,0,0
CUST00655,51,Male,Mass Market,18,1,10622.49,56,1011.98,14,0,ATM,729,0,0
CUST00656,49,Male,Mass Market,108,2,6650.32,0,563.99,24,0,ATM,487,1,0
CUST00657,64,Male,Mass Market,29,1,9703.01,12,1725.65,1,0,Mobile App,329,0,0
CUST00658,54,Female,Mass Market,24,2,11466.51,32,407.81,14,1,ATM,626,0,0
CUST00659,29,Female,Mass Market,22,3,14305.43,36,2099.49,14,1,Online Banking,711,0,0
CUST00660,33,Female,Mass Market,48,2,4556.13,51,1070.56,20,0,Mobile App,402,0,0
CUST00661,27,Male,Mass Market,4,3,2402.01,18,6074.3,26,1,Online Banking,413,0,0
CUST00662,55,Female,Emerging Affluent,84,2,38154.56,13,485.5,37,2,ATM,355,1,0
CUST00663,67,Male,Emerging Affluent,13,2,8048.94,46,1978.42,1,1,Online Banking,624,0,0
CUST00664,63,Female,Affluent,79,1,15032.3,2,2821.68,28,0,Mobile App,516,0,0
CUST00665,43,Male,Mass Market,38,2,6823.44,43,90.05,5,0,Mobile App,442,0,0
CUST00666,68,Female,Mass Market,104,1,7927.97,26,405.48,38,0,Online Banking,401,0,0
CUST00667,40,Male,Youth,3,1,3131.7,20,164.69,9,0,ATM,640,0,1
CUST00668,56,Female,Mass Market,46,2,13420.11,54,1939.45,13,0,ATM,474,3,0
CUST00669,43,Male,Mass Market,99,2,2739.59,24,295.04,19,0,ATM,468,0,0
CUST00670,65,Female,Emerging Affluent,17,4,21228.41,24,763.9,8,0,ATM,364,2,0
CUST00671,51,Male,Youth,50,1,7087.06,47,1142.22,28,0,Branch,593,0,0
CUST00672,56,Male,Mass Market,55,1,1486.04,6,0.9,36,0,Branch,696,0,0
CUST00673,22,Male,Youth,71,3,9873.26,40,1460.6,18,0,ATM,330,2,0
CUST00674,69,Female,Mass Market,109,2,2811.04,5,2802.34,29,0,Branch,422,0,0
CUST00675,65,Male,Mass Market,91,1,697.35,3,4214.21,12,0,Online Banking,548,0,0
CUST00676,19,Male,Affluent,58,3,5812.49,25,119.99,39,1,Mobile App,413,0,0
CUST00677,20,Female,Emerging Affluent,93,1,5715.51,6,500.22,27,0,ATM,741,1,0
CUST00678,45,Female,Affluent,11,1,4620.77,11,201.12,16,0,Mobile App,685,0,1
CUST00679,64,Male,Emerging Affluent,118,2,12105.24,3,1573.93,34,0,ATM,488,0,0
CUST00680,25,Male,Mass Market,97,1,1103.43,53,424.63,23,0,Branch,805,0,0
CUST00681,19,Male,Youth,34,1,799.97,12,1171.89,16,0,ATM,700,1,0
CUST00682,55,Female,Mass Market,65,4,1347.33,2,587.07,0,1,ATM,676,2,0
CUST00683,49,Male,Mass Market,99,2,1624.71,52,289.08,26,2,Branch,547,1,0
CUST00684,63,Male,Mass Market,115,2,9674.6,53,791.45,19,0,Branch,774,1,0
CUST00685,41,Female,Mass Market,27,2,12775.29,8,1345.84,0,2,Mobile App,695,0,0
CUST00686,18,Male,Mass Market,107,2,2889.2,7,142.99,2,0,Online Banking,412,1,0
CUST00687,23,Female,Mass Market,115,2,587.57,41,240.32,35,2,ATM,730,1,0
CUST00688,36,Female,Emerging Affluent,17,1,5772.09,58,2424.45,21,0,Online Banking,395,2,0
CUST00689,31,Male,Emerging Affluent,113,4,2693.54,52,1216.41,7,1,ATM,735,0,0
CUST00690,20,Male,Mass Market,40,4,1053.36,18,233.28,22,2,ATM,525,3,0
CUST00691,56,Male,Mass Market,103,4,7496.62,43,3527.98,37,1,Online Banking,438,0,0
CUST00692,40,Male,Emerging Affluent,115,2,3203.46,16,241.12,29,0,Online Banking,489,0,0
CUST00693,36,Male,Mass Market,87,1,8413.94,7,620.94,31,0,Online Banking,527,0,0
CUST00694,58,Male,Affluent,59,2,13265.85,31,915.35,8,1,Online Banking,716,1,0
CUST00695,57,Male,Affluent,77,3,6044.18,2,215.6,2,0,Mobile App,836,0,0
CUST00696,19,Female,Mass Market,50,2,5388.61,40,1040.83,8,2,Mobile App,633,0,0
CUST00697,66,Male,Youth,11,2,22213.32,11,1534.77,13,0,Online Banking,312,0,0
CUST00698,31,Male,Mass Market,89,1,5571.11,21,558.94,19,0,Online Banking,828,1,0
CUST00699,41,Male,Mass Market,1,2,3580.63,12,1838.44,11,1,Online Banking,658,0,0
CUST00700,20,Female,Mass Market,14,3,20418.59,41,3178.76,13,0,Mobile App,655,0,0
CUST00701,34,Female,Emerging Affluent,48,2,3417.57,7,53.32,27,3,Branch,833,0,0
CUST00702,60,Female,Mass Market,15,2,22163.28,19,1640.38,35,0,ATM,831,0,0
CUST00703,43,Female,Mass Market,99,1,1339.95,5,1342.86,7,0,Mobile App,321,0,0
CUST00704,44,Male,Emerging Affluent,11,3,3925.62,22,1371.17,36,1,ATM,720,1,0
CUST00705,43,Male,Mass Market,40,2,674.85,18,564.99,32,0,ATM,375,0,0
CUST00706,67,Male,Mass Market,53,1,1248.8,16,1469.33,28,2,Mobile App,668,0,1
CUST00707,61,Female,Affluent,80,1,2959.35,5,1263.06,7,0,ATM,444,3,0
CUST00708,42,Male,Youth,21,1,11512.64,28,2530.18,6,0,Online Banking,514,0,0
CUST00709,51,Female,Emerging Affluent,69,2,12309.6,40,605.69,20,0,Mobile App,669,0,0
CUST00710,61,Male,Affluent,66,2,2939.25,3,362.07,0,0,ATM,849,0,0
CUST00711,30,Male,Mass Market,60,1,2692.94,22,2055.2,19,2,ATM,681,0,1
CUST00712,35,Male,Mass Market,53,1,13477.62,49,7681.43,22,0,Online Banking,810,0,0
CUST00713,60,Female,Emerging Affluent,56,1,13651.07,4,803.42,4,0,Branch,762,0,0
CUST00714,59,Female,Mass Market,100,3,2904.89,47,5002.92,7,1,Mobile App,780,1,0
CUST00715,35,Female,Emerging Affluent,15,3,11220.96,21,275.64,6,0,Mobile App,482,0,0
CUST00716,42,Female,Mass Market,33,1,7093.32,48,153.37,11,1,Mobile App,338,0,0
CUST00717,33,Male,Mass Market,9,1,4473.87,51,1015.93,12,0,ATM,491,2,1
CUST00718,28,Male,Youth,85,2,7608.74,56,114.77,33,1,Online Banking,721,0,0
CUST00719,27,Male,Affluent,17,1,4102.24,27,1849.23,11,2,ATM,676,0,0
CUST00720,41,Female,Emerging Affluent,5,1,4009.21,39,7565.35,29,0,Branch,761,0,1
CUST00721,30,Female,Mass Market,22,2,7765.36,12,3027.76,4,3,Branch,504,0,0
CUST00722,27,Male,Emerging Affluent,65,1,6823.21,28,1280.53,36,0,Online Banking,666,1,0
CUST00723,52,Male,Mass Market,108,2,6045.38,22,926.62,37,0,Online Banking,398,0,0
CUST00724,47,Female,Affluent,119,1,4937.1,41,453.9,13,3,Online Banking,540,0,1
CUST00725,35,Female,Youth,95,2,1146.14,47,685.54,14,0,Mobile App,523,0,0
CUST00726,28,Male,Youth,97,3,1596.3,44,1049.82,30,0,Branch,600,0,0
CUST00727,23,Male,Emerging Affluent,55,3,10475.55,29,1213.94,34,2,ATM,613,0,0
CUST00728,51,Female,Mass Market,46,2,3035.67,29,2208.72,19,0,Online Banking,704,2,0
CUST00729,30,Female,Mass Market,108,2,8645.31,40,200.15,39,2,Mobile App,718,0,0
CUST00730,52,Female,Mass Market,41,2,5054.42,12,267.1,25,0,Online Banking,472,1,0
CUST00731,41,Male,Affluent,102,1,16101.78,39,3810.64,34,0,ATM,698,3,0
CUST00732,65,Female,Youth,31,1,3406.34,12,597.08,19,1,Branch,733,0,0
CUST00733,46,Male,Mass Market,106,3,972.79,7,739.58,33,0,Branch,585,1,0
CUST00734,42,Male,Mass Market,25,4,35814.23,6,1117.32,8,0,Branch,486,0,0
CUST00735,56,Male,Mass Market,17,2,3420.61,7,2592.48,25,1,Branch,300,1,0
CUST00736,59,Male,Emerging Affluent,90,3,5614.27,14,735.05,27,0,Online Banking,488,0,0
CUST00737,56,Male,Emerging Affluent,27,2,2277.69,54,3450.52,38,3,ATM,371,2,0
CUST00738,46,Female,Youth,35,3,10931.18,53,2477.87,6,3,Branch,429,0,0
CUST00739,53,Male,Mass Market,10,4,2268.63,10,1768.96,12,0,Branch,339,0,0
CUST00740,39,Male,Mass Market,13,1,575.25,18,1479.23,0,0,Online Banking,781,1,1
CUST00741,47,Female,Mass Market,41,2,31138.44,36,1411.94,21,1,ATM,644,0,0
CUST00742,43,Male,Youth,1,1,3234.26,12,4094.94,35,0,Branch,564,1,1
CUST00743,64,Female,Youth,25,2,4590.76,15,748.41,29,0,Branch,601,0,0
CUST00744,55,Female,Youth,74,2,6888.88,27,2722.46,16,0,Online Banking,507,0,0
CUST00745,36,Female,Affluent,113,1,4279.88,23,512.09,32,2,Branch,547,0,1
CUST00746,47,Female,Emerging Affluent,47,4,14342.24,19,897.13,29,1,ATM,448,0,0
CUST00747,65,Male,Youth,48,1,2242.28,54,2444.85,14,2,Branch,732,0,1
CUST00748,51,Female,Affluent,103,1,2323.23,46,1160.12,3,0,ATM,573,1,0
CUST00749,29,Female,Mass Market,88,2,6259.7,31,2305.86,1,0,Online Banking,609,0,0
CUST00750,46,Male,Emerging Affluent,79,1,3516.71,1,1829.31,27,0,ATM,546,0,0
CUST00751,45,Male,Youth,50,1,7319.47,33,418.34,7,0,Mobile App,630,1,0
CUST00752,53,Female,Mass Market,44,2,11699.02,53,2104.34,35,1,Mobile App,697,0,0
CUST00753,54,Female,Mass Market,1,2,3426.27,3,1649.37,23,1,Mobile App,364,1,0
CUST00754,44,Male,Mass Market,117,4,11485.3,6,2079.58,16,1,Branch,340,0,0
CUST00755,29,Female,Mass Market,69,3,7413.79,20,490.44,3,2,Branch,779,0,0
CUST00756,22,Female,Emerging Affluent,23,2,39184.09,54,46.61,3,2,Online Banking,800,0,0
CUST00757,52,Male,Affluent,47,1,11005.4,52,1070.21,22,0,Online Banking,498,0,0
CUST00758,52,Male,Emerging Affluent,62,1,6641.68,2,3355.17,10,0,ATM,753,1,0
CUST00759,59,Male,Mass Market,4,1,1384.77,30,1939.84,18,0,Online Banking,778,0,1
CUST00760,35,Female,Emerging Affluent,9,2,1945.97,46,1231.16,9,0,Mobile App,493,1,0
CUST00761,30,Female,Emerging Affluent,80,1,1299.49,46,196.56,21,0,ATM,443,3,0
CUST00762,52,Female,Mass Market,13,1,3834.18,24,3977.8,37,0,Branch,481,0,0
CUST00763,24,Female,Affluent,34,2,8424.34,3,419.6,16,2,Branch,786,0,0
CUST00764,46,Male,Mass Market,12,2,9183.6,18,860.26,4,1,Branch,698,0,0
CUST00765,19,Male,Mass Market,115,2,5864.52,14,258.29,34,0,Online Banking,342,0,0
CUST00766,24,Female,Emerging Affluent,102,3,26910.36,1,3242.48,30,0,Branch,695,0,0
CUST00767,41,Male,Emerging Affluent,59,2,21943.72,36,404.34,35,0,Online Banking,441,0,0
CUST00768,52,Male,Mass Market,56,3,3423.52,13,5934.43,24,0,ATM,613,0,0
CUST00769,36,Female,Youth,93,2,2512.99,7,1232.14,33,0,Online Banking,527,0,0
CUST00770,25,Male,Mass Market,21,1,3200.72,37,854.3,24,0,ATM,784,0,0
CUST00771,34,Male,Mass Market,14,2,7103.04,7,196.63,36,0,ATM,458,3,0
CUST00772,46,Male,Youth,86,3,22930.92,7,86.33,3,0,Branch,480,2,0
CUST00773,63,Female,Emerging Affluent,59,4,4197.92,28,105.19,9,2,Mobile App,711,0,0
CUST00774,22,Female,Emerging Affluent,75,1,17635.76,57,1332.82,21,1,Mobile App,323,0,0
CUST00775,69,Male,Mass Market,68,2,3808.47,59,271.49,28,1,Online Banking,532,0,0
CUST00776,24,Male,Mass Market,28,2,5305.88,29,504.0,20,2,ATM,394,1,0
CUST00777,49,Male,Emerging Affluent,101,1,5773.53,54,1510.85,25,0,Online Banking,302,0,0
CUST00778,65,Female,Emerging Affluent,117,1,21951.46,35,240.68,35,0,ATM,767,2,0
CUST00779,42,Female,Emerging Affluent,119,2,2937.4,1,143.85,14,1,Branch,798,2,0
CUST00780,51,Female,Mass Market,86,1,12682.61,46,1579.23,1,0,ATM,786,0,0
CUST00781,62,Male,Emerging Affluent,34,2,2326.71,43,2470.65,13,0,Branch,631,0,0
CUST00782,63,Female,Mass Market,14,1,5553.98,40,400.62,31,0,Mobile App,705,3,0
CUST00783,37,Male,Emerging Affluent,45,1,9438.73,56,1458.62,27,1,Branch,682,0,0
CUST00784,69,Female,Youth,85,1,17741.34,57,2561.14,1,1,ATM,533,0,0
CUST00785,59,Male,Mass Market,47,2,5016.05,5,2938.85,38,0,Branch,708,1,0
CUST00786,45,Female,Affluent,88,1,11838.21,25,1153.75,17,0,Mobile App,667,0,0
CUST00787,48,Male,Mass Market,73,2,4557.06,42,669.24,20,2,ATM,482,3,0
CUST00788,45,Female,Youth,54,4,21544.45,4,2778.07,38,0,Branch,622,0,0
CUST00789,59,Male,Mass Market,86,4,2163.54,58,523.91,23,0,Online Banking,819,0,0
CUST00790,50,Female,Emerging Affluent,33,2,8353.79,37,2817.2,1,3,Branch,686,0,0
CUST00791,51,Male,Mass Market,10,2,871.53,31,478.55,31,0,Mobile App,627,0,1
CUST00792,62,Female,Emerging Affluent,89,2,2560.48,54,54.56,13,0,Mobile App,474,1,0
CUST00793,49,Male,Youth,75,4,4990.88,28,1254.88,18,1,Mobile App,788,0,0
CUST00794,25,Male,Youth,10,2,8346.24,55,1497.22,32,0,ATM,494,0,0
CUST00795,38,Male,Mass Market,54,1,19496.18,58,5399.89,34,0,Branch,650,0,0
CUST00796,45,Male,Mass Market,15,1,14473.55,33,1101.78,0,0,Mobile App,489,1,0
CUST00797,55,Female,Emerging Affluent,46,1,5207.32,31,5053.49,1,0,Online Banking,563,0,0
CUST00798,57,Male,Affluent,51,2,15332.94,24,356.22,24,1,Online Banking,630,3,0
CUST00799,30,Male,Emerging Affluent,3,1,539.57,33,1238.32,23,0,Online Banking,800,0,1
CUST00800,32,Male,Youth,28,1,9438.96,8,1793.96,10,0,ATM,355,0,0
CUST00801,60,Female,Affluent,68,1,13582.22,58,1997.27,20,0,Branch,411,2,0
CUST00802,68,Male,Mass Market,88,2,4116.34,6,3060.34,28,2,Mobile App,570,1,0
CUST00803,22,Female,Mass Market,38,1,1100.15,49,3113.23,21,0,Mobile App,611,1,0
CUST00804,32,Female,Emerging Affluent,26,2,5300.9,4,1727.92,34,0,Mobile App,654,0,0
CUST00805,20,Male,Mass Market,74,3,7703.85,45,1367.83,36,1,Online Banking,812,0,0
CUST00806,47,Female,Emerging Affluent,65,3,7333.71,33,3411.86,31,1,ATM,714,0,0
CUST00807,39,Male,Mass Market,23,1,6434.47,14,2783.39,19,0,Online Banking,640,0,0
CUST00808,67,Female,Youth,69,3,9754.6,26,1728.7,30,2,Branch,332,0,0
CUST00809,29,Male,Mass Market,74,1,7402.41,41,286.49,21,0,Mobile App,628,1,0
CUST00810,31,Male,Affluent,19,3,6276.84,21,761.12,0,0,ATM,741,0,0
CUST00811,36,Female,Mass Market,14,1,7019.37,32,848.19,7,0,Branch,645,0,0
CUST00812,52,Male,Mass Market,54,1,4907.45,9,1013.69,17,1,ATM,464,2,0
CUST00813,25,Female,Mass Market,26,1,7591.87,33,1428.44,13,0,Branch,514,0,0
CUST00814,24,Male,Mass Market,82,1,10800.44,13,2094.62,29,0,Mobile App,532,2,0
CUST00815,69,Male,Youth,32,2,1373.05,6,1259.53,14,0,Branch,751,0,0
CUST00816,63,Male,Affluent,61,2,2038.97,24,627.59,28,0,Online Banking,618,0,0
CUST00817,53,Female,Youth,12,1,26962.67,44,959.4,1,0,ATM,691,1,0
CUST00818,50,Male,Mass Market,3,2,11826.52,23,721.47,38,2,Mobile App,769,0,1
CUST00819,69,Male,Youth,34,2,12207.96,30,2326.47,20,1,Branch,565,0,0
CUST00820,25,Male,Youth,103,1,2625.99,3,16992.96,13,1,ATM,665,0,0
CUST00821,18,Female,Mass Market,2,1,7986.1,37,1079.19,14,1,Branch,540,0,1
CUST00822,21,Female,Affluent,10,1,16740.32,52,1640.39,27,0,ATM,703,0,1
CUST00823,55,Male,Youth,53,2,6491.82,8,299.74,21,0,Branch,381,1,0
CUST00824,23,Female,Affluent,104,2,17715.47,47,595.52,1,0,Online Banking,765,0,0
CUST00825,61,Male,Mass Market,41,3,1950.06,49,2978.94,39,1,Online Banking,831,0,0
CUST00826,43,Female,Youth,4,1,6763.38,0,1421.22,14,0,Branch,391,0,1
CUST00827,47,Female,Youth,76,3,2459.06,37,31.24,14,0,Online Banking,541,0,0
CUST00828,58,Female,Mass Market,79,2,6426.33,30,743.02,9,2,Branch,341,0,0
CUST00829,49,Male,Youth,100,1,9070.85,33,547.25,36,1,Online Banking,640,2,0
CUST00830,64,Male,Youth,22,4,22696.45,57,1535.4,5,0,Mobile App,364,2,0
CUST00831,54,Male,Mass Market,55,2,1474.61,50,231.08,32,0,Online Banking,849,0,0
CUST00832,57,Male,Affluent,117,3,7208.53,21,477.22,18,0,Online Banking,428,0,0
CUST00833,47,Male,Mass Market,101,1,12492.41,4,362.44,12,0,ATM,349,0,0
CUST00834,30,Male,Mass Market,45,3,8940.05,22,1234.1,17,0,Branch,698,3,0
CUST00835,27,Male,Mass Market,31,1,26236.29,5,600.65,10,0,Branch,391,0,0
CUST00836,68,Male,Mass Market,64,2,757.4,52,208.59,13,0,Online Banking,370,0,0
CUST00837,52,Male,Affluent,33,1,4551.18,34,827.68,25,1,Branch,783,0,0
CUST00838,27,Male,Mass Market,18,2,2069.27,59,75.14,30,0,Online Banking,770,0,0
CUST00839,39,Female,Mass Market,14,1,14071.38,4,30.68,10,0,Branch,556,0,0
CUST00840,39,Female,Mass Market,54,1,1698.52,49,1605.84,4,1,Mobile App,325,0,0
CUST00841,33,Male,Youth,78,2,2849.15,9,412.25,3,2,ATM,479,0,0
CUST00842,49,Female,Affluent,3,2,1972.09,32,695.89,19,0,ATM,375,0,0
CUST00843,52,Male,Mass Market,116,2,1909.81,7,340.65,14,0,Mobile App,457,0,0
CUST00844,46,Male,Emerging Affluent,33,1,12842.07,40,425.98,17,0,Online Banking,699,0,0
CUST00845,55,Male,Mass Market,113,4,9509.13,15,4846.64,17,3,Mobile App,380,0,0
CUST00846,22,Male,Mass Market,64,1,15313.63,39,191.7,15,0,Online Banking,564,0,0
CUST00847,39,Female,Affluent,5,1,823.09,45,2067.98,36,0,ATM,519,0,1
CUST00848,30,Male,Mass Market,87,3,10770.18,25,592.55,35,0,Mobile App,494,1,0
CUST00849,18,Male,Affluent,76,2,19610.98,23,707.31,20,1,Branch,540,2,0
CUST00850,64,Male,Mass Market,33,3,3092.03,52,1971.62,18,0,ATM,322,0,0
CUST00851,64,Male,Mass Market,63,2,3020.05,29,6.22,18,2,Online Banking,645,0,0
CUST00852,57,Female,Emerging Affluent,109,1,958.56,9,2893.45,15,0,ATM,777,0,0
CUST00853,57,Male,Mass Market,86,1,26102.99,40,644.28,13,0,Branch,617,3,0
CUST00854,23,Male,Affluent,45,1,4763.96,7,360.24,6,1,ATM,773,1,0
CUST00855,33,Female,Affluent,36,2,36292.13,52,1985.04,38,0,Mobile App,358,0,0
CUST00856,32,Male,Mass Market,56,1,2921.59,23,3254.49,11,1,Mobile App,545,1,0
CUST00857,50,Male,Emerging Affluent,80,2,2273.82,47,152.52,21,0,Online Banking,714,0,0
CUST00858,48,Male,Mass Market,72,3,3131.43,26,3626.07,0,0,Online Banking,343,0,0
CUST00859,58,Female,Youth,77,3,2925.22,45,1175.43,27,0,Online Banking,358,2,0
CUST00860,63,Female,Youth,8,3,6252.44,0,5248.04,3,0,ATM,721,0,0
CUST00861,58,Male,Emerging Affluent,18,1,7162.18,56,4028.21,26,0,Mobile App,493,1,0
CUST00862,31,Male,Mass Market,70,2,8233.93,9,2085.69,26,0,Branch,649,0,0
CUST00863,31,Male,Mass Market,15,2,18773.59,11,641.89,37,0,ATM,594,1,0
CUST00864,55,Female,Emerging Affluent,45,3,1325.01,32,194.98,13,0,Online Banking,745,3,0
CUST00865,55,Female,Affluent,57,3,5698.12,39,260.26,36,0,ATM,642,0,0
CUST00866,33,Male,Mass Market,59,1,7244.99,37,2253.11,15,0,Branch,485,1,0
CUST00867,54,Male,Emerging Affluent,114,3,6568.39,21,186.7,3,0,ATM,503,0,0
CUST00868,20,Male,Mass Market,90,1,11336.06,50,877.2,1,0,Mobile App,822,0,0
CUST00869,21,Male,Emerging Affluent,11,1,3342.64,25,107.93,23,0,ATM,702,1,1
CUST00870,52,Female,Affluent,94,2,2571.28,7,17.21,35,0,Branch,432,0,0
CUST00871,48,Male,Emerging Affluent,55,1,13875.92,44,397.26,18,1,Mobile App,732,0,0
CUST00872,30,Male,Emerging Affluent,33,3,1725.29,4,3228.85,3,0,ATM,582,0,0
CUST00873,20,Male,Affluent,100,2,6583.37,6,168.51,16,2,ATM,690,0,0
CUST00874,68,Male,Mass Market,85,4,4998.01,43,3374.3,32,1,Online Banking,396,0,0
CUST00875,42,Male,Mass Market,13,1,58982.06,9,4508.76,14,1,Online Banking,639,3,0
CUST00876,27,Female,Mass Market,45,2,15570.04,30,552.67,35,0,Online Banking,796,0,0
CUST00877,48,Female,Affluent,74,2,8919.62,14,5400.41,1,0,Branch,307,0,0
CUST00878,63,Female,Emerging Affluent,18,2,16884.81,46,587.5,28,1,Online Banking,373,1,0
CUST00879,37,Female,Emerging Affluent,74,4,4029.39,51,1336.96,14,0,Mobile App,332,0,0
CUST00880,36,Male,Emerging Affluent,83,3,51108.14,28,759.4,25,0,Mobile App,561,0,0
CUST00881,53,Male,Mass Market,94,2,21364.93,21,566.39,0,0,ATM,336,0,0
CUST00882,66,Male,Emerging Affluent,84,2,7405.54,33,217.12,18,0,ATM,429,0,0
CUST00883,34,Male,Mass Market,25,2,5428.64,28,64.22,4,0,Branch,351,0,0
CUST00884,24,Female,Emerging Affluent,111,2,9239.59,31,343.19,9,3,Mobile App,438,0,0
CUST00885,59,Female,Mass Market,50,4,13780.19,50,78.01,8,0,Mobile App,776,0,0
CUST00886,63,Male,Mass Market,118,2,2079.13,43,160.96,33,0,Mobile App,541,0,0
CUST00887,23,Female,Emerging Affluent,19,1,31109.96,4,100.19,24,1,Mobile App,585,1,0
CUST00888,47,Female,Mass Market,78,2,5002.2,23,2377.97,5,1,Mobile App,738,0,0
CUST00889,25,Male,Youth,31,2,5996.67,41,4879.59,16,0,Branch,430,3,0
CUST00890,68,Male,Mass Market,86,2,10230.43,17,4075.29,22,0,ATM,495,0,0
CUST00891,59,Male,Youth,14,2,3492.7,46,2564.26,10,2,Branch,744,0,0
CUST00892,63,Female,Emerging Affluent,59,1,3540.52,52,665.38,14,2,Mobile App,636,0,0
CUST00893,45,Male,Emerging Affluent,84,1,2400.33,32,988.25,37,0,Branch,661,1,0
CUST00894,51,Male,Affluent,11,1,13770.05,4,53.47,33,0,Branch,730,0,1
CUST00895,41,Female,Mass Market,78,2,9772.13,17,1529.18,6,0,Mobile App,821,0,0
CUST00896,18,Male,Mass Market,18,1,8770.22,46,7601.46,7,1,ATM,508,0,0
CUST00897,55,Female,Affluent,37,1,1664.36,30,253.88,12,0,Mobile App,575,2,0
CUST00898,33,Male,Mass Market,118,2,6829.88,6,237.5,24,0,Branch,469,1,0
CUST00899,59,Male,Mass Market,8,2,9368.03,8,1526.13,27,0,Online Banking,807,0,0
CUST00900,56,Female,Emerging Affluent,10,2,5695.78,43,1029.05,10,3,Online Banking,822,0,1
CUST00901,47,Male,Mass Market,48,1,659.69,34,437.45,21,0,ATM,621,3,1
CUST00902,25,Male,Youth,57,1,8050.02,0,458.92,39,1,ATM,688,0,0
CUST00903,59,Male,Mass Market,29,1,3918.56,46,631.5,27,1,Branch,505,0,0
CUST00904,24,Female,Affluent,16,1,10889.88,19,823.82,26,0,ATM,756,2,0
CUST00905,69,Female,Mass Market,25,2,13884.66,37,529.45,23,0,Branch,800,1,0
CUST00906,58,Male,Mass Market,65,2,20162.14,51,963.94,14,0,Branch,680,3,0
CUST00907,21,Male,Affluent,38,1,1128.53,57,332.55,25,0,Branch,393,0,0
CUST00908,25,Female,Mass Market,42,1,6554.81,30,450.33,6,2,Branch,341,0,1
CUST00909,20,Female,Affluent,63,2,23648.63,14,1007.8,34,0,Branch,543,0,0
CUST00910,55,Male,Mass Market,89,2,2595.79,32,58.18,24,2,ATM,451,0,0
CUST00911,48,Male,Youth,64,2,7821.88,31,3426.63,8,1,ATM,377,0,0
CUST00912,47,Male,Mass Market,116,2,24267.12,46,311.67,12,1,Mobile App,626,1,0
CUST00913,69,Male,Mass Market,67,4,3636.43,28,1122.88,17,0,ATM,327,0,0
CUST00914,64,Male,Mass Market,67,2,884.15,8,2350.19,20,0,ATM,742,0,0
CUST00915,43,Male,Mass Market,119,1,9978.35,41,1127.26,0,0,Online Banking,762,0,0
CUST00916,22,Male,Mass Market,74,3,4302.07,52,3845.72,34,1,Mobile App,730,0,0
CUST00917,46,Male,Emerging Affluent,31,2,4834.0,18,412.19,29,0,Branch,690,0,0
CUST00918,69,Female,Affluent,13,3,16131.51,41,2565.25,33,0,Online Banking,314,0,0
CUST00919,39,Female,Mass Market,66,2,3005.27,0,694.25,7,0,Branch,408,1,0
CUST00920,30,Male,Mass Market,14,1,5545.72,38,4002.85,2,2,Mobile App,543,0,1
CUST00921,45,Female,Mass Market,104,3,10495.63,37,1512.75,34,1,ATM,635,1,0
CUST00922,53,Male,Mass Market,110,1,10532.96,39,2026.59,29,0,ATM,678,1,0
CUST00923,47,Male,Affluent,22,3,854.39,49,2546.13,16,3,Branch,764,1,0
CUST00924,33,Male,Mass Market,90,2,4198.0,27,9.23,34,1,Online Banking,811,0,0
CUST00925,43,Female,Mass Market,112,2,6450.25,39,3989.19,7,1,Online Banking,387,0,0
CUST00926,60,Male,Affluent,80,4,2091.01,47,1348.42,25,0,Mobile App,565,0,0
CUST00927,65,Male,Youth,91,3,10900.91,43,1308.9,39,0,Branch,464,0,0
CUST00928,32,Male,Youth,91,2,11402.97,19,1370.73,3,0,Mobile App,331,0,0
CUST00929,62,Female,Mass Market,71,1,4361.41,46,199.26,24,1,Mobile App,382,0,0
CUST00930,43,Male,Affluent,32,1,4876.84,5,995.23,25,0,Branch,600,0,0
CUST00931,47,Female,Emerging Affluent,91,2,651.18,52,655.64,12,0,Branch,596,1,0
CUST00932,45,Male,Mass Market,56,2,2303.17,40,456.76,32,0,ATM,784,0,0
CUST00933,52,Female,Mass Market,19,1,522.51,22,963.05,17,0,Online Banking,738,0,0
CUST00934,62,Male,Emerging Affluent,59,1,2269.6,0,2707.58,23,0,ATM,615,0,0
CUST00935,61,Female,Mass Market,75,3,4583.5,46,4309.08,28,0,ATM,706,0,0
CUST00936,40,Female,Youth,5,4,12091.01,51,1172.0,38,1,Mobile App,842,0,0
CUST00937,50,Male,Affluent,11,1,11656.82,50,600.25,38,0,Branch,372,2,1
CUST00938,28,Female,Mass Market,61,2,9505.39,19,391.28,33,0,Online Banking,607,1,0
CUST00939,18,Male,Emerging Affluent,40,2,539.45,9,758.68,13,1,Branch,324,0,0
CUST00940,27,Female,Mass Market,51,2,668.32,0,2611.61,20,0,Online Banking,821,0,0
CUST00941,36,Female,Affluent,116,2,30168.58,9,992.0,9,2,Online Banking,729,1,0
CUST00942,46,Female,Emerging Affluent,98,1,1145.9,54,213.11,37,1,Mobile App,733,0,0
CUST00943,35,Male,Youth,61,2,3995.68,31,619.72,37,2,Mobile App,768,0,0
CUST00944,32,Male,Mass Market,59,3,25569.43,1,4164.83,11,0,Online Banking,537,0,0
CUST00945,58,Female,Mass Market,78,3,2946.9,43,1015.87,0,0,Branch,321,0,0
CUST00946,64,Male,Emerging Affluent,84,2,16876.99,0,35.72,23,0,Online Banking,352,0,0
CUST00947,55,Male,Mass Market,98,1,14563.28,8,3389.88,24,1,Mobile App,650,0,0
CUST00948,66,Female,Mass Market,102,2,4258.57,26,1641.4,33,0,Online Banking,680,0,0
CUST00949,43,Female,Mass Market,63,1,20420.8,33,1735.46,39,1,ATM,831,0,0
CUST00950,27,Female,Youth,63,1,9133.47,14,546.84,9,0,ATM,526,1,0
CUST00951,47,Male,Emerging Affluent,104,1,8898.85,34,561.66,20,0,Branch,647,0,0
CUST00952,55,Female,Emerging Affluent,34,2,3205.54,15,4666.22,19,3,ATM,462,0,0
CUST00953,45,Female,Affluent,2,1,4476.57,46,112.69,27,0,Mobile App,596,0,1
CUST00954,47,Male,Emerging Affluent,68,2,16051.38,16,473.45,25,0,Mobile App,394,0,0
CUST00955,24,Female,Mass Market,107,1,8072.98,49,1011.3,6,2,Online Banking,467,1,1
CUST00956,35,Female,Mass Market,112,1,14419.02,4,553.59,13,0,Online Banking,408,0,0
CUST00957,44,Female,Mass Market,95,4,5364.2,32,1372.4,16,0,ATM,844,1,0
CUST00958,25,Female,Mass Market,98,1,2755.95,49,40.56,18,1,ATM,391,0,0
CUST00959,56,Female,Mass Market,63,1,12259.67,14,18.84,22,1,ATM,570,0,0
CUST00960,58,Female,Mass Market,25,1,7802.93,2,4924.6,2,0,ATM,455,1,0
CUST00961,42,Male,Emerging Affluent,119,1,19453.84,9,1051.52,11,0,Online Banking,529,0,0
CUST00962,68,Female,Youth,32,4,2010.43,39,903.43,13,0,Mobile App,503,0,0
CUST00963,65,Female,Mass Market,7,2,8875.55,5,1266.29,0,0,Mobile App,727,0,0
CUST00964,48,Male,Emerging Affluent,21,2,4872.6,52,1599.94,35,0,Branch,808,0,0
CUST00965,24,Male,Affluent,17,4,11198.7,5,849.56,22,0,Online Banking,654,0,0
CUST00966,30,Female,Mass Market,100,3,3989.16,23,4016.43,39,0,Mobile App,477,0,0
CUST00967,60,Male,Affluent,3,2,2119.24,3,2950.85,29,0,ATM,474,0,0
CUST00968,25,Male,Emerging Affluent,73,3,11680.5,34,1213.52,25,0,Mobile App,836,0,0
CUST00969,31,Male,Mass Market,80,1,9551.3,32,5.15,23,0,Online Banking,470,0,0
CUST00970,19,Female,Affluent,46,2,1113.23,39,212.32,4,0,Mobile App,439,0,0
CUST00971,30,Male,Youth,15,1,9735.46,20,1896.17,37,0,Online Banking,629,0,0
CUST00972,35,Male,Emerging Affluent,28,1,2793.72,4,1319.83,18,0,Online Banking,766,0,0
CUST00973,25,Male,Mass Market,62,2,24538.89,47,1437.17,11,0,Online Banking,551,1,0
CUST00974,69,Male,Mass Market,55,1,14510.4,25,610.65,7,0,ATM,561,0,0
CUST00975,59,Female,Emerging Affluent,85,2,11965.92,42,399.83,6,2,ATM,703,0,0
CUST00976,42,Female,Mass Market,119,1,599.17,0,3588.02,39,1,ATM,768,1,0
CUST00977,32,Male,Emerging Affluent,20,1,7079.12,56,299.09,21,0,Mobile App,512,0,0
CUST00978,24,Male,Mass Market,99,3,5159.02,19,0.39,32,0,Online Banking,365,0,0
CUST00979,27,Male,Youth,18,2,7725.69,28,5340.36,28,0,ATM,339,2,0
CUST00980,42,Female,Affluent,35,4,5454.36,16,1236.66,36,1,Mobile App,599,0,0
CUST00981,34,Male,Mass Market,111,3,1935.35,32,346.89,28,0,Branch,799,3,0
CUST00982,26,Male,Youth,72,1,2494.66,18,1066.76,22,3,Branch,448,1,1
CUST00983,69,Male,Youth,74,1,7094.8,35,727.54,21,3,ATM,352,1,1
CUST00984,65,Male,Mass Market,11,2,14642.31,3,1269.18,13,0,Online Banking,552,0,0
CUST00985,62,Female,Mass Market,74,1,1226.52,57,212.83,16,2,Branch,764,0,0
CUST00986,69,Female,Emerging Affluent,63,2,6650.0,25,1092.12,1,0,Branch,789,0,0
CUST00987,59,Female,Mass Market,103,2,12574.24,50,2666.5,20,0,Online Banking,611,2,0
CUST00988,20,Male,Youth,26,2,5750.82,13,4897.45,23,0,Branch,440,0,0
CUST00989,35,Male,Affluent,23,2,13117.52,59,401.26,10,0,Online Banking,440,0,0
CUST00990,21,Male,Mass Market,94,1,5727.42,30,411.96,35,0,Online Banking,451,0,0
CUST00991,29,Male,Affluent,5,2,7033.61,22,657.51,26,0,Online Banking,693,0,0
CUST00992,49,Female,Youth,62,1,22848.18,4,946.86,16,1,Branch,408,0,0
CUST00993,43,Male,Mass Market,28,3,5004.83,55,1362.13,37,0,Online Banking,564,0,0
CUST00994,45,Male,Affluent,9,1,2159.74,57,1066.87,19,1,ATM,621,0,1
CUST00995,48,Female,Mass Market,66,3,907.1,23,368.07,15,0,Online Banking,819,0,0
CUST00996,22,Male,Mass Market,101,2,6275.75,20,1629.07,25,0,Branch,392,0,0
CUST00997,28,Female,Mass Market,53,3,37973.76,52,924.96,0,0,Online Banking,429,1,0
CUST00998,48,Male,Affluent,5,2,6622.06,7,1545.66,37,0,Mobile App,388,0,0
CUST00999,18,Female,Mass Market,38,2,2694.58,5,816.93,12,0,Mobile App,370,0,0
CUST01000,28,Female,Mass Market,81,3,21383.07,31,505.45,8,0,Online Banking,836,0,0
